Price,Close,High,Low,Open,Volume
Ticker,SPY,SPY,SPY,SPY,SPY
Date,,,,,
2015-01-02,171.09368896484375,172.30134094551912,170.05261843555843,171.88491273380498,121465900
2015-01-05,168.00384521484375,170.21091026397656,167.6956923196323,170.04434147489965,169632600
2015-01-06,166.42135620117188,168.8366344492853,165.62180854113814,168.3119309002513,209151400
2015-01-07,168.4951934814453,168.83666769037663,167.30421480767498,167.75395171797908,125346700
2015-01-08,171.48509216308594,171.70164291560283,169.894346426889,169.9109944014076,147217800
2015-01-09,170.11090087890625,171.91819754194108,169.49458263607895,171.90153685743797,158567300
2015-01-12,168.7783203125,170.40240022764533,168.17033878553147,170.24415550086678,144396100
2015-01-13,168.30361938476562,171.13532600332968,166.99602876356442,170.00264081422807,214553300
2015-01-14,167.28756713867188,167.48745728568636,165.3803312308905,166.27980512149963,192991100
2015-01-15,165.7550506591797,168.24528265661644,165.63845129516972,167.9288059305194,176613900
2015-01-16,167.9288330078125,168.08707775056558,165.363633877596,165.54686329463857,211879600
2015-01-20,168.2869110107422,168.83659911771127,166.7128134014225,168.57007905068033,130991100
2015-01-21,169.13648986816406,169.61954813553254,167.35417756847113,167.82057514844598,122942700
2015-01-22,171.65174865722656,171.78499605354645,168.5118757477221,169.89442074015338,174356000
2015-01-23,170.7105712890625,171.6517030544697,170.5773112197628,171.3935069045591,117516800
2015-01-26,171.1103515625,171.20196627843544,169.77778889516196,170.49404593564412,92009700
2015-01-27,168.853271484375,170.00260440495,168.02041527983047,169.04482485307466,134044600
2015-01-28,166.68783569335938,170.14418376398604,166.4962823299182,170.04424508886487,168514300
2015-01-29,168.2286376953125,168.48682109821786,165.47187284616663,166.88773863099107,173585400
2015-01-30,166.11325073242188,168.37862176115345,165.84674322171531,167.04605879085364,197729700
2015-02-02,168.1703643798828,168.26197909309886,164.78896939671293,166.61292696359033,163107000
2015-02-03,170.60226440429688,170.61060109982662,168.69502925945505,169.06981201535058,124212900
2015-02-04,169.95269775390625,171.05207444943656,169.4946241307686,169.83609835059684,134306700
2015-02-05,171.6683807373047,171.81830151830403,170.54403206752795,170.6189861038367,97953200
2015-02-06,171.1936798095703,172.60120952271095,170.66897607527014,172.0348604159708,125672000
2015-02-09,170.42742919921875,171.26860968691878,170.01932494030876,170.5440286005671,87219000
2015-02-10,172.2429962158203,172.5011796157628,170.4690083656149,171.46844601599284,96164200
2015-02-11,172.3429412841797,172.776030101501,171.42680701522008,172.07643388701297,91087800
2015-02-12,174.00035095214844,174.05865699795564,172.3762835755281,173.14250990941105,97545900
2015-02-13,174.71661376953125,174.76658311996,173.86709668710282,174.12529284495133,93670400
2015-02-17,174.99147033691406,175.16637578422018,174.1502898920518,174.40013666194488,76968200
2015-02-18,175.0081329345703,175.08308696635635,174.35016921098767,174.61668937962395,80652900
2015-02-19,174.88316345214844,175.24962225987048,174.2668579195056,174.40844196642027,91462500
2015-02-20,175.93258666992188,176.00754069427418,173.8421090181995,174.46675130456183,140896400
2015-02-23,175.9076385498047,175.9076385498047,175.29964411470027,175.68276372163754,74411100
2015-02-24,176.40733337402344,176.60722350920213,175.53283150664134,175.8326603552186,72472300
2015-02-25,176.25738525390625,176.76542811221165,175.9159111162104,176.28236992657872,73061700
2015-02-26,176.04916381835938,176.32400791464897,175.44116958639532,176.16576318875087,72697900
2015-02-27,175.4495086669922,176.21573492688958,175.39953932305647,175.94921481472784,108076000
2015-03-02,176.5572967529297,176.6155901136835,175.49956518351564,175.54953455227172,87491400
2015-03-03,175.83265686035156,176.60721999893983,174.96649170855645,176.1241617131455,110325800
2015-03-04,175.09141540527344,175.30796622488853,174.11697484214986,175.23299948281638,114497200
2015-03-05,175.28294372558594,175.56611181957166,174.77490087066866,175.41619107615773,76873000
2015-03-06,172.8176727294922,174.84984402288066,172.48453531119614,174.41675521239347,188128000
2015-03-09,173.5339813232422,173.89210351919905,172.85936958973704,173.01761435851117,89818900
2015-03-10,170.71893310546875,172.24306212630245,170.67728773603739,172.15978409582223,157121300
2015-03-11,170.31915283203125,171.15200932509742,170.235862099372,170.97710386986563,110145700
2015-03-12,172.4845428466797,172.55116016654694,170.90210826969547,170.95207761378515,93993500
2015-03-13,171.4268341064453,173.17582491906492,170.3857636078455,172.2097211547332,162410900
2015-03-16,173.71719360351562,173.80880831804816,171.45182312451158,172.159756164843,136099200
2015-03-17,173.20082092285156,173.58392774659123,172.38461250841834,172.97594613859914,94510400
2015-03-18,175.28294372558594,175.95755530000199,172.08476585266823,172.726068766536,228808500
2015-03-19,174.4833221435547,175.2911934345885,174.09187882899712,174.8664414735971,117917300
2015-03-20,176.02357482910156,176.53388558530708,175.2539281216473,175.43797546094166,177715100
2015-03-23,175.6805877685547,176.60918567164998,175.6805877685547,176.0319474122786,71784500
2015-03-24,174.69337463378906,176.0151502132555,174.62644718740637,175.55504476267038,77805300
2015-03-25,172.13345336914062,175.13676358623536,172.09163488323603,174.90252389870506,159521700
2015-03-26,171.72354125976562,172.64376496161267,170.76147354156856,171.46420537319867,153067200
2015-03-27,172.11680603027344,172.2924794898666,171.41407389656743,171.60649518198431,118939000
2015-03-30,174.21656799316406,174.51773519993907,173.13739294853366,173.1541152407761,96180400
2015-03-31,172.6939697265625,174.09105958057938,172.63541618271094,173.3883276986149,126768700
2015-04-01,172.08326721191406,172.68560150599933,171.0877421212702,172.66050530750462,137303600
2015-04-02,172.7023468017578,173.15409116655843,171.8323026519915,172.01634996193795,86900900
2015-04-06,173.86521911621094,174.3838910401443,171.67339877689582,171.80724094864323,114368200
2015-04-07,173.40505981445312,174.64318577532939,173.37160247069164,173.89027427218582,81236300
2015-04-08,173.99069213867188,174.434075427146,173.23778049242375,173.63097137316254,89351900
2015-04-09,174.76034545898438,174.99458521402363,173.329810723931,173.82338643882733,85548900
2015-04-10,175.71401977539062,175.75585103375212,174.8105309733427,175.01130058930542,72722900
2015-04-13,174.9193115234375,176.20764305118132,174.8691191095195,175.57183843459228,74436600
2015-04-14,175.25384521484375,175.43789246707144,174.09100817491574,174.71843850793667,75099900
2015-04-15,176.04025268554688,176.5505633129396,175.63870075804124,175.7223632602783,99529300
2015-04-16,175.9900665283203,176.50037717380133,175.50485208137886,175.70563443480137,68934900
2015-04-17,173.965576171875,175.03638996561168,173.1791944997324,174.79378910074786,191113200
2015-04-20,175.55511474609375,175.88973934629706,174.81056416029767,174.89421392779337,92189500
2015-04-21,175.34591674804688,176.39999540007486,175.0447495953094,176.24104429653198,72559800
2015-04-22,176.20761108398438,176.39165841170117,174.76032866465607,175.6889264490061,78264600
2015-04-23,176.6510009765625,177.30352779382744,175.68893304282474,175.8060529134849,102585900
2015-04-24,177.0609130859375,177.32862294019844,176.6091686632577,177.06928699707592,61327400
2015-04-27,176.32470703125,177.7552414347737,176.1322858187617,177.62976043976505,79358100
2015-04-28,176.88525390625,176.93544631668829,175.12008180355005,176.2996545092876,86863500
2015-04-29,176.15740966796875,176.759731260012,175.34593179139378,175.99008464034338,125684900
2015-04-30,174.3922119140625,175.9733361751273,173.68948009184058,175.58014539588476,161304900
2015-05-01,176.28289794921875,176.3247292078516,175.07822918519778,175.17861399383023,103399700
2015-05-04,176.78482055664062,177.37041979285175,176.60077325881628,176.7095191965445,70927200
2015-05-05,174.76034545898438,176.90198613594362,174.61812937664692,176.54225259170593,113326200
2015-05-06,174.0408935546875,175.62201830573386,172.9700795838788,175.31248993193884,135060200
2015-05-07,174.73524475097656,175.1619057521025,173.60587726795188,173.94050183363868,88244900
2015-05-08,177.0358123779297,177.23659476351634,176.33309317603857,176.41675569464337,155877300
2015-05-11,176.19091796875,177.2617320766728,176.11562934360958,176.99403493224764,75708100
2015-05-12,175.66378784179688,176.20756854791395,174.52604680197183,175.3542595767689,119727600
2015-05-13,175.69729614257812,176.70118251004993,175.46305641567162,176.07375193474158,94667900
2015-05-14,177.5294189453125,177.6214426191333,176.44186991791494,176.71794093937729,95934000
2015-05-15,177.7218780517578,177.86409417632527,177.23666333935012,177.7218780517578,76510100
2015-05-18,178.2739715576172,178.52493361176826,177.48758974765167,177.55451721712848,74549700
2015-05-19,178.2154083251953,178.66716556071992,177.93097614881896,178.39109453125707,72114600
2015-05-20,178.0898895263672,178.8428010724165,177.77198729953844,178.3157553311177,76857500
2015-05-21,178.6085968017578,178.81774035773176,177.78038372466148,177.94770878152835,64764600
2015-05-22,178.18190002441406,178.6420055101832,178.11497257291344,178.22371851213407,57433500
2015-05-26,176.2661590576172,178.11499342205528,175.8478720106057,177.6883324644347,124308600
2015-05-27,177.9393310546875,178.17357081114758,176.31637505270746,176.72630100906727,93214000
2015-05-28,177.73855590820312,177.8473018713344,177.04419780695585,177.6297971799629,74974600
2015-05-29,176.63426208496094,177.71343710082385,176.36656500002388,177.671618606224,124919600
2015-06-01,176.9939727783203,177.6381255873553,176.19921724166863,177.3035010830542,93338800
2015-06-02,176.8183135986328,177.5126716778676,175.90645083492186,176.53388145006198,91531000
2015-06-03,177.28677368164062,177.91420422812087,176.7931980487019,177.3537011384114,87820900
2015-06-04,175.78932189941406,177.2365915361448,175.47141965263435,176.57570360559043,151882800
2015-06-05,175.4882049560547,176.1658281370686,174.82730407115878,175.63878221178598,121704700
2015-06-08,174.408935546875,175.52995435437154,174.3336469541261,175.3793644037682,89063300
2015-06-09,174.38381958007812,174.92760025130906,173.74802803821095,174.38381958007812,105034700
2015-06-10,176.475341796875,176.8601715822885,175.09499934104514,175.15355290278237,134551300
2015-06-11,177.04417419433594,177.42899111737034,176.6844407070397,176.91868042500167,73876400
2015-06-12,175.68894958496094,176.91871472523638,175.41287855703078,176.21599543511033,135382400
2015-06-15,174.93597412109375,175.2204061922185,173.83169041187284,174.5427833547898,124384200
2015-06-16,175.8897247314453,175.97338725709966,174.6097672326107,174.78544066533198,85308200
2015-06-17,176.17410278320312,176.7848109496627,175.14512041227093,176.17410278320312,126708600
2015-06-18,178.00624084472656,178.47472031112082,176.20761158658254,176.77647586288757,165867900
2015-06-19,177.216064453125,177.83814529697008,176.83777742164193,177.762490456114,130478700
2015-06-22,178.12387084960938,178.71231847037,177.91371006882372,178.14068730368712,70696000
2015-06-23,178.24996948242188,178.58623444175888,177.8548789993954,178.33403892905528,68476800
2015-06-24,176.95545959472656,178.35933272303095,176.9302413154973,177.98104570739,92307300
2015-06-25,176.41749572753906,177.58599001264054,176.34184086949494,177.459898582567,97107400
2015-06-26,176.3837890625,177.02267337335255,175.8289613880443,176.77887962524358,104174800
2015-06-29,172.6849822998047,176.392223128943,172.60932746505532,174.89587875918133,202621300
2015-06-30,173.04644775390625,174.28219456903466,172.5672748623584,174.23174519055576,182925100
2015-07-01,174.43348693847656,174.87902686689048,173.64328017421067,174.62683130828665,135979900
2015-07-02,174.27378845214844,175.08081179369205,173.85346673466134,174.91268567213737,104373700
2015-07-06,173.77777099609375,174.5595630495265,172.77740349161263,172.9791624863039,117975400
2015-07-07,174.87066650390625,174.9967578994981,171.58374730199034,173.97958643585173,173820200
2015-07-08,171.936767578125,173.81139848505535,171.7013884878915,173.52558285080016,164020100
2015-07-09,172.24781799316406,174.30740447090182,172.13854307970993,174.0467942564814,144113100
2015-07-10,174.4166717529297,174.83699341126913,172.2898451879079,174.25694747040882,129456900
2015-07-13,176.34178161621094,176.45105654315492,175.64404600744012,175.6860807457422,106069400
2015-07-14,177.10671997070312,177.41776670661784,176.24085841898082,176.29970960560198,81709600
2015-07-15,177.0479278564453,177.61115746157145,176.5687549049071,177.14880097163154,97914100
2015-07-16,178.4685821533203,178.4685821533203,177.86331792741157,178.10709885000293,106683300
2015-07-17,178.6199188232422,178.67877002251,178.0482874273898,178.46019451345953,89030000
2015-07-20,178.71237182617188,179.20834833837614,178.39293606650128,178.84687784455946,70446800
2015-07-21,178.00624084472656,178.83848243270182,177.7036087061174,178.57787220254363,77965000
2015-07-22,177.68682861328125,178.02309374011443,177.2833232882844,177.31694338736622,88667900
2015-07-23,176.68646240234375,177.92220949751953,176.3249918181293,177.8213363721021,90509100
2015-07-24,174.85382080078125,176.84614148116313,174.51756858396737,176.78730311546062,117755000
2015-07-27,173.8366241455078,174.47552126946613,173.39108421811528,173.96272833812014,132361100
2015-07-28,175.97186279296875,176.11477061410775,173.84503627903158,174.6772649331469,123544800
2015-07-29,177.18240356445312,177.40936803476995,175.95505862191175,176.09796645302964,105791300
2015-07-30,177.22442626953125,177.39255236371818,176.0475179558253,176.66959861423553,91304400
2015-07-31,176.95545959472656,177.7540683671246,176.66964387866025,177.72885008789532,103266900
2015-08-03,176.35855102539062,176.98063168081657,175.40021818320392,176.92179332037287,113965700
2015-08-04,176.01393127441406,176.74528697789407,175.52635652969366,176.28293051072808,81820800
2015-08-05,176.59393310546875,177.6363225226438,176.30810465273552,176.9133688169266,85786800
2015-08-06,175.14805603027344,176.88818118331986,174.5595953935213,176.77889343754586,116030800
2015-08-07,174.81179809570312,175.13964851917603,173.90390165519338,174.9883388593581,117858000
2015-08-10,177.01429748535156,177.09835413406026,175.92986025124037,175.92986025124037,80270700
2015-08-11,175.4170379638672,176.08955517732778,174.65204947321575,175.66923352231478,126081400
2015-08-12,175.62722778320312,175.81217036811432,172.6345391578414,174.10566519323447,172123700
2015-08-13,175.40866088867188,176.1568330270313,174.86223496376618,175.46749925852896,89383300
2015-08-14,176.04750061035156,176.1231554212018,175.0723514020679,175.21525920940644,72786500
2015-08-17,177.03106689453125,177.03106689453125,174.9883098622873,175.45066623600465,79072600
2015-08-18,176.518310546875,177.10675840479385,176.28293140370747,176.75368969004256,71692700
2015-08-19,175.12283325195312,176.54350977448607,174.30740815568282,175.7701194122173,172946000
2015-08-20,171.46607971191406,175.09765346988206,171.407228501623,173.60130885669662,194327900
2015-08-21,166.3044891357422,171.44082093940537,166.04389172817966,169.5829933392716,346588500
2015-08-24,159.30194091796875,166.01027235814854,153.33336702446235,157.61225212549687,507244300
2015-08-25,157.42727661132812,164.30373274562334,157.13304632128316,164.2869162877696,369833100
2015-08-26,163.47154235839844,163.74894342835313,158.35201364134647,161.47080670283324,339257000
2015-08-27,167.51498413085938,167.64107548756428,164.10197458593433,165.62353681709763,274143900
2015-08-28,167.5234375,167.99419581283564,166.38016181431257,166.86773658895007,160414400
2015-08-31,166.16995239257812,167.39729720151973,165.61512476002102,166.53983748094953,163298800
2015-09-01,161.21022033691406,163.7321510363764,160.33594384453352,162.3450814553504,256000400
2015-09-02,164.2700958251953,164.31213055192308,161.75656796236788,163.60598049361056,160269300
2015-09-03,164.38778686523438,166.4893949488421,163.89181043603043,164.98463637774822,152087800
2015-09-04,161.89947509765625,162.96709558154924,161.07564833145102,162.11805054485185,207081000
2015-09-08,165.9682159423828,166.1195384205494,164.06836652611346,164.71566551871496,116025700
2015-09-09,163.74893188476562,167.6831498985853,163.3790595418331,167.55705851204024,149347700
2015-09-10,164.6400146484375,165.79169199912812,163.29498008060006,163.5555774816585,158611100
2015-09-11,165.38818359375,165.45543660357453,163.53035607554762,164.24490808113316,119691200
2015-09-14,164.7745361328125,165.6151796752369,164.28696133894206,165.56474311504383,79452000
2015-09-15,166.83407592773438,167.2796158531376,164.7324676655686,165.27888068285216,113806200
2015-09-16,168.28001403808594,168.4733712836869,166.79208424007473,167.13675116254376,99581600
2015-09-17,167.90174865722656,170.55818560701343,167.5234615891021,168.14554249320273,276046600
2015-09-18,165.15792846679688,167.88731916337602,164.74387999740873,165.377640285381,223657500
2015-09-21,166.01141357421875,167.04231852767847,164.95514634487876,165.99450968826093,105726200
2015-09-22,163.85662841796875,164.32138858494636,162.7158546348317,163.83127903557792,153890900
2015-09-23,163.59471130371094,164.49886955537772,163.01164959584946,164.02566379070464,92790600
2015-09-24,163.00314331054688,163.4679034406847,161.02581427747273,162.36938301323698,159378800
2015-09-25,162.9608917236328,164.7776659599966,162.0820702846037,164.47346052246886,155054800
2015-09-28,158.87100219726562,162.1665629715854,158.55835129149938,162.05670707760945,178515900
2015-09-29,158.96397399902344,160.33290496845316,157.95840562742828,159.0907337910575,159045600
2015-09-30,161.9300079345703,162.09900812551408,160.0794255430993,160.86528223323737,163452000
2015-10-01,162.3524932861328,162.65669874696522,160.40051361824428,162.3102400205393,131079000
2015-10-02,164.77767944335938,164.80302882407054,159.8089945217929,160.35826118960262,211003300
2015-10-05,167.70982360839844,167.93798085447807,165.9014953071308,166.01135118373992,126320800
2015-10-06,167.13528442382812,168.1408529725957,166.46772915282048,167.57469523797198,110274500
2015-10-07,168.5042266845703,168.85913097907593,166.8733431354134,168.0732613389007,124307300
2015-10-08,170.02520751953125,170.31250907500478,167.81126291928965,168.11546835858087,153055200
2015-10-09,170.1265869140625,170.60823795353858,169.4928267241996,170.1688401721635,107069200
2015-10-12,170.2872314453125,170.49002656102903,169.77177236971485,170.20272488450337,56395600
2015-10-13,169.21400451660156,170.82798388392692,169.04500434430113,169.55200486120242,88038700
2015-10-14,168.40277099609375,169.73789416079018,168.10702394375383,169.1548326572452,99106200
2015-10-15,170.988525390625,170.9969708857292,168.6985326165907,169.07034070334632,134142200
2015-10-16,171.7659912109375,171.7828822065321,170.62521720770405,171.39418300562025,114580100
2015-10-19,171.85049438476562,171.85049438476562,170.80268526874121,171.11533632511748,76523900
2015-10-20,171.6307373046875,172.24759371042973,171.15753168417916,171.41103837913323,78448500
2015-10-21,170.56607055664062,172.20538678484803,170.39705745193362,172.05329046327924,102038000
2015-10-22,173.44752502441406,173.65877847085542,170.56603781430815,171.52089462437985,174911700
2015-10-23,175.3488006591797,175.72060877652393,174.3263412303698,175.1291017234248,144442300
2015-10-26,174.91787719726562,175.23052821403755,174.54606901846176,175.1713839458945,69033000
2015-10-27,174.579833984375,174.91783430373616,173.89536206275727,174.24182077112815,77905800
2015-10-28,176.5656280517578,176.59097743383342,174.25029852960452,174.9178537474075,135906700
2015-10-29,176.46420288085938,176.8360109515752,175.94029854151532,176.058599937299,90525500
2015-10-30,175.70367431640625,176.97965312379102,175.5431325608409,176.65854382489135,131076900
2015-11-02,177.78245544433594,177.97680501086583,175.90652374962136,176.03328355779195,86270800
2015-11-03,178.29788208007812,178.85559418964777,177.1993617444096,177.42751904266723,95246100
2015-11-04,177.75709533691406,178.72041050900856,177.2162870454555,178.59366360237246,96224500
2015-11-05,177.57962036132812,178.2809832656283,176.68390792018604,177.81622316110582,78408700
2015-11-06,177.48667907714844,177.7232947851253,176.1515687235888,177.23318527197023,110471500
2015-11-09,175.83045959472656,177.02193205607455,174.8755899477601,176.86982287889427,131008700
2015-11-10,176.2360076904297,176.26981544989013,175.0783433596144,175.3487409658864,75874600
2015-11-11,175.54310607910156,176.5571196826913,175.47550345301124,176.5064209365942,67846000
2015-11-12,173.0926055908203,174.9685370620963,173.0757146001861,174.49533144661874,121315200
2015-11-13,171.14910888671875,172.94899261191821,171.06461523342034,172.67859486991898,153577100
2015-11-16,173.75169372558594,173.81085086713372,170.8448448548142,170.9631591379098,117645200
2015-11-17,173.62498474121094,174.95164968881684,173.12642969884445,174.06439552300392,121123700
2015-11-18,176.3797149658203,176.5233657548637,174.06438556209136,174.10662593413213,121342500
2015-11-19,176.22763061523438,176.65013751534576,175.93187062760148,176.26142549393288,88220500
2015-11-20,176.86981201171875,177.5542710322599,176.48955843296093,176.98811341164085,94011500
2015-11-23,176.66700744628906,177.43596005734491,176.20224736671582,176.928959610989,64931200
2015-11-24,176.90365600585938,177.30925904666782,175.26432706131968,175.65302621471037,98874400
2015-11-25,176.87831115722656,177.23321543877051,176.6163460241429,177.03040746622173,51980100
2015-11-27,177.08108520507812,177.28389315354065,176.48957813942113,176.97122928792504,37317800
2015-11-30,176.3459014892578,177.3599152951254,176.23604558821143,177.24161389933894,112822700
2015-12-01,178.02749633789062,178.14581064479455,176.70083141290684,176.97968750656543,97858400
2015-12-02,176.210693359375,178.29787808217955,175.95718668853806,177.97676877286042,108441300
2015-12-03,173.74330139160156,176.73464480199527,173.01658895155623,176.46424706987216,166224200
2015-12-04,177.1317901611328,177.42755015124436,173.7432894356411,173.7432894356411,192913900
2015-12-07,176.0586395263672,177.224749863054,175.08686586959217,176.8022429411226,102027100
2015-12-08,174.87562561035156,176.00794115207543,173.8869608856623,174.48692643340826,103372400
2015-12-09,173.51515197753906,176.3374953227677,172.53493275422613,174.23341895359692,162401500
2015-12-10,173.96295166015625,175.2811708582532,173.3460953213308,173.5826981059182,116128900
2015-12-11,170.59136962890625,172.50109594627355,170.27870579252786,171.83354079757387,211173300
2015-12-14,171.4532928466797,171.58005265152178,168.9605047447647,170.75194274754628,182385200
2015-12-15,173.253173828125,174.16579025540122,171.42794097357253,172.9743177341889,154069600
2015-12-16,175.78823852539062,176.09244404158113,173.0588472706658,174.38551237329614,197017000
2015-12-17,173.10955810546875,176.1685044747612,173.09265421619992,176.1009018115754,173092500
2015-12-18,170.0255584716797,172.49917307448055,169.86404827009468,172.36317608896667,251393500
2015-12-21,171.42819213867188,171.60670689853754,170.08512247073548,171.20718559988305,99094300
2015-12-22,172.9837188720703,173.28123905592315,171.3261379192638,172.3206864909477,111026200
2015-12-23,175.12582397460938,175.16832870938626,173.9017602485296,173.99526547678914,110987200
2015-12-24,174.83677673339844,175.38931227210955,174.61577030028738,174.87078570502925,48539600
2015-12-28,174.43728637695312,174.47977813988942,173.35772840352485,174.1397662126574,65899900
2015-12-29,176.2989044189453,176.63042065396215,175.5083706933768,175.54236670464402,92640700
2015-12-30,175.0492706298828,176.13733711719496,174.90476494085897,176.0523276668887,63317700
2015-12-31,173.2982177734375,175.01530782443294,173.2982177734375,174.3692799796951,114877900
2016-01-04,170.87564086914062,170.8841366293857,168.81002971447165,170.42511913425164,222353500
2016-01-05,171.16465759277344,171.62367510192698,170.05110334722116,171.19865360541837,110845800
2016-01-06,169.0055389404297,170.05958385603859,167.96848554430602,168.5975090015241,152112600
2016-01-07,164.95083618164062,167.83248124829188,164.5598107196038,166.03889011431787,213436100
2016-01-08,163.14019775390625,166.48087239822252,162.85118634119118,165.91984108839497,209817200
2016-01-11,163.30169677734375,164.4067548351924,161.35510478293372,164.06672998705804,187941300
2016-01-12,164.6193084716797,165.3758461216519,162.47719676645636,164.75531844643595,172330500
2016-01-13,160.5135955810547,165.6393530138184,160.1310788863428,165.29083232659488,221168900
2016-01-14,163.1487579345703,164.27931675845264,159.51908341490503,161.12566427607933,240795600
2016-01-15,159.6465301513672,160.45406818668363,157.69993792010445,158.76249137989538,324846400
2016-01-19,159.85899353027344,161.60158328270543,158.27791393122763,161.47408209351605,195244400
2016-01-20,157.81045532226562,159.38303983690642,153.87476561191795,157.2834328878049,286547800
2016-01-21,158.6945343017578,160.54762186906302,156.95194350759894,158.28651728181828,195772900
2016-01-22,161.95018005371094,162.15418205243324,160.55611018973113,161.3211436261909,168319600
2016-01-25,159.50196838378906,161.63557031181654,159.30646224766846,161.44006417569594,130371700
2016-01-26,161.6781463623047,161.95866205734754,159.82505918796772,160.16507113737606,141036800
2016-01-27,159.91856384277344,162.83420456177436,159.0090117769193,161.15112336821298,185681700
2016-01-28,160.75161743164062,161.67816110328656,159.09403632855253,161.4741591032915,143798800
2016-01-29,164.67031860351562,164.80632858622909,161.40615684214762,161.52516233436543,210529300
2016-02-01,164.6107940673828,165.40134066910602,163.07221857153536,163.65875021815668,136061600
2016-02-02,161.64414978027344,163.1827252474002,161.11711439875464,163.1742294884138,182564900
2016-02-03,162.6132049560547,163.0212219052192,159.04302746695905,162.706710191345,205054900
2016-02-04,162.86817932128906,163.84572319490363,161.47410987363068,162.11164187049803,139531800
2016-02-05,159.76551818847656,162.92767797744992,159.1279861821613,162.34965518428928,180788300
2016-02-08,157.6149444580078,158.2099718617803,155.3878363307631,157.91246464520637,191526700
2016-02-09,157.62344360351562,158.90701664204184,155.7278516298352,155.86386160236938,184513100
2016-02-10,157.48744201660156,160.0970668141741,157.35992780707878,158.45649034410195,148214100
2016-02-11,155.43878173828125,156.49283917327443,153.9342027879118,154.99675597901057,219058900
2016-02-12,158.64346313476562,158.66045464883405,156.37385082697548,157.22389347276751,127632400
2016-02-16,161.3211212158203,161.34662146211818,159.49353438781435,160.46258265900394,120250700
2016-02-17,163.95623779296875,164.33025865094476,162.36664914657064,162.49416333212903,136009500
2016-02-18,163.2847137451172,164.28777096562104,162.9702020685654,164.22826174539588,102343000
2016-02-19,163.20823669433594,163.36123819033673,161.89066760606391,162.5026995313177,114793000
2016-02-22,165.5713348388672,165.71584055777487,164.72978780103853,164.7977927812228,103640300
2016-02-23,163.48019409179688,165.18027924015274,163.36117567961645,164.90825939051805,111455300
2016-02-24,164.22824096679688,164.50875660388797,160.9300842329047,162.0436380533858,150812200
2016-02-25,166.2173309326172,166.22583966015415,163.91372265820067,164.67875584049386,110728300
2016-02-26,165.8348846435547,167.18644989152918,165.67337439933885,167.0929576139587,129833700
2016-02-29,164.53424072265625,166.80385286875745,164.3387345598261,165.85180932389355,125918100
2016-03-01,168.4019317626953,168.48694120678297,165.2907728860164,165.76679464341908,141799700
2016-03-02,169.15850830078125,169.20950879079837,167.6709334790407,168.0874590985524,102415000
2016-03-03,169.82154846191406,169.83855294958013,168.4019785514539,168.9800014258634,95172200
2016-03-04,170.37408447265625,171.15613531923964,169.1840296550289,170.01706802736805,129293600
2016-03-07,170.51011657714844,170.91814654240778,169.37106210804217,169.4475628625434,100219000
2016-03-08,168.64846801757812,169.9405365650422,168.4869707984397,169.43051872280122,123974900
2016-03-09,169.4815216064453,169.83002926385342,168.67397064622244,169.46451712027678,94801200
2016-03-10,169.61753845214844,170.9181158986217,167.78145582017694,169.97456785039543,156838700
2016-03-11,172.35464477539062,172.39714950244175,169.60051486293094,171.07958078758622,137964500
2016-03-14,172.13360595703125,172.59262319917755,171.51307856486076,171.84459462047175,73612000
2016-03-15,171.85317993164062,172.15919590941468,170.90113598773289,171.1646472243055,93169100
2016-03-16,172.8477325439453,173.25576250399868,171.32616135112,171.36866609328715,129303200
2016-03-17,173.94424438476562,174.4542622298197,172.36316442091533,172.76268553338338,134278500
2016-03-18,174.62783813476562,174.96960380528813,174.13226878624076,174.4484026833503,138372400
2016-03-21,174.8755645751953,175.1062635052131,174.13221729099666,174.36291622101447,72926700
2016-03-22,174.78158569335938,175.35405022101642,173.93571130418198,174.09804148327643,97471900
2016-03-23,173.6281280517578,174.58508218393393,173.45723221027873,174.39710718832475,81052500
2016-03-24,173.5512237548828,173.5854081389846,172.3721232538212,172.59426960039278,84360900
2016-03-28,173.65379333496094,174.18353404072167,173.20094795019295,173.9699272351698,62408200
2016-03-29,175.26010131835938,175.37118102524306,172.93605831487676,173.24365262526487,92922900
2016-03-30,176.029052734375,176.7553078558545,175.66164234790315,176.26829124939428,86365300
2016-03-31,175.60182189941406,176.36226132653883,175.43947870078293,175.9350478722548,94584100
2016-04-01,176.79806518554688,176.98604020247595,174.28604726615268,174.60219417872813,114423500
2016-04-04,176.2255859375,176.92622240384418,175.9179916659991,176.72115521033604,63497000
2016-04-05,174.46543884277344,176.23409582782776,174.20910815344834,174.87556012318134,99662200
2016-04-06,176.37083435058594,176.43065050353934,174.28603021229665,174.46546563363438,91839800
2016-04-07,174.2603759765625,175.63600390439012,173.52556826907346,175.277146145503,113859000
2016-04-08,174.73028564453125,175.88376707284002,174.19199257298465,175.44800104824756,95040600
2016-04-11,174.3201904296875,176.0717682891146,174.22620294344935,175.3711319303355,83757500
2016-04-12,175.94358825683594,176.22555070246227,174.04675946809147,174.4910651130954,115350600
2016-04-13,177.72088623046875,177.806334179244,176.72974738979246,176.86645889282227,96336400
2016-04-14,177.7293701171875,178.2334919969478,177.379064927044,177.78064669290058,65212900
2016-04-15,177.53285217285156,177.86607820229005,177.208165720442,177.7293667446942,75761600
2016-04-18,178.78030395507812,178.81447529738014,176.86638284814143,177.53283484195885,82531000
2016-04-19,179.34420776367188,179.60053845070718,178.52396521018335,179.207509363104,88316100
2016-04-20,179.51515197753906,180.21577547096942,178.9085029559196,179.38698008070597,81100300
2016-04-21,178.54962158203125,179.6432871624202,178.27619866817295,179.532207473975,85695000
2016-04-22,178.54962158203125,178.82303145836744,177.64393099553936,178.19076378573382,99251700
2016-04-25,178.24200439453125,178.28472834901606,177.32776131113366,177.9429497506579,66166500
2016-04-26,178.50686645507812,179.01952781029163,178.02838947688943,178.6093935111129,75864200
2016-04-27,178.87428283691406,179.26731192332127,177.76352522148798,178.1223829672373,77329400
2016-04-28,177.25088500976562,179.22460936577656,176.83222410850382,178.11386465526644,97216200
2016-04-29,176.29393005371094,176.97747428284745,175.18317231105428,176.62715607275575,142424100
2016-05-02,177.69520568847656,177.87462807912863,176.36230149354094,176.79805462264747,62188000
2016-05-03,176.148681640625,176.69551442455406,175.3967816736518,176.4562758964302,106422100
2016-05-04,175.1660919189453,175.8838205785208,174.66198306804077,175.14901276426977,92243800
2016-05-05,175.13192749023438,175.99489418625475,174.70471393106172,175.63603636105253,67619200
2016-05-06,175.77276611328125,175.8154900811474,174.20062318099355,174.35441382028225,89315000
2016-05-09,175.91799926757812,176.3537524053993,175.4651539368454,175.64458936860893,74374900
2016-05-10,178.1053009033203,178.12239309338108,176.55879015960627,176.62714588232834,77472200
2016-05-11,176.43914794921875,178.18217302053787,176.43914794921875,177.64389296010427,81727000
2016-05-12,176.490478515625,177.2851025828967,175.47370807216595,177.11420671464953,89586300
2016-05-13,174.9525146484375,176.7468170436491,174.62784116706078,176.1914445600252,96474600
2016-05-16,176.6783905029297,177.1568674732459,175.06352420935255,175.1233403494019,77486800
2016-05-17,175.0294189453125,176.69554939504016,174.49966521031672,176.4050472730414,114924900
2016-05-18,175.08067321777344,176.2683264536459,173.9870074913955,174.67909140788987,120062100
2016-05-19,174.4739990234375,174.76450108813702,173.26071419070243,174.35437975929523,115430500
2016-05-20,175.57620239257812,176.0974033646918,175.03790923059424,175.08917276268397,104990400
2016-05-23,175.3369903564453,175.87527056217658,175.1490153520557,175.5933080555922,58682600
2016-05-24,177.6098175048828,177.9259645049107,176.13166176971183,176.1572935484266,93537800
2016-05-25,178.814453125,179.23312698203105,177.60970811728322,178.29325221625496,76621400
2016-05-26,178.86573791503906,179.1818847579407,178.54960410965825,178.9511858266386,55280700
2016-05-27,179.63470458984375,179.6432441647871,178.97679226867547,179.02805579337345,64211200
2016-05-31,179.29293823242188,180.01920631512527,178.72901334732416,179.90812664570666,109879400
2016-06-01,179.66033935546875,179.83976169491095,178.48122611762892,178.67774064476248,69936200
2016-06-02,180.2071990966797,180.22427824941767,178.78030759178762,179.25878461887464,63044700
2016-06-03,179.6688690185547,180.0191871405458,178.45558450978598,179.6432372571913,101757100
2016-06-06,180.58316040039062,180.94201819324715,179.86543177715558,180.02777500101203,64887000
2016-06-07,180.86509704589844,181.42902198225696,180.7113064473576,180.7369382137811,60974800
2016-06-08,181.45465087890625,181.5828227465176,180.87364679913495,181.00180562922543,66170900
2016-06-09,181.20689392089844,181.32651318876898,180.44645435282374,180.71986423473254,73786900
2016-06-10,179.48947143554688,180.1644629737095,178.94262568435045,179.82269741673204,113829200
2016-06-13,178.1053009033203,179.74579913608707,178.0198660280585,178.88283258207278,117751200
2016-06-14,177.7550048828125,178.35311427184584,176.7980507203954,177.72083353595016,125059300
2016-06-15,177.5072021484375,178.88283008490336,177.31922717295615,177.75498023201519,109124500
2016-06-16,178.0369415283203,178.20783735038023,175.6616356219199,177.5072009849927,149533100
2016-06-17,177.37391662597656,177.95794220066702,176.71258275613533,177.9321771373908,117055700
2016-06-20,178.51622009277344,180.02782729757632,178.4303278095809,179.34932543951592,82789600
2016-06-21,179.02296447753906,179.435218637365,178.45610681695126,178.90272313486804,72461700
2016-06-22,178.73095703125,179.9333704940929,178.58493751296123,179.2033253239444,95560500
2016-06-23,181.05845642089844,181.10998654505676,179.7358018479897,180.199586070736,102731400
2016-06-24,174.5568084716797,181.09281212798336,174.11019223600223,174.8917673721075,333444400
2016-06-27,171.4305877685547,173.1483290764347,170.61465016305078,173.13973198248655,230775800
2016-06-28,174.52249145507812,174.54825652290359,172.73603915567554,173.0452330749053,159382400
2016-06-29,177.49412536621094,177.7260108931198,175.8279150185681,175.9309752527498,137328600
2016-06-30,179.91619873046875,179.96772886649825,177.40829830287913,177.9665720222891,165021900
2016-07-01,180.29409790039062,180.78366038711437,179.7530052793431,179.9161927749177,106055300
2016-07-05,178.99720764160156,179.57264931550813,178.39600090060395,179.46099195456426,109803700
2016-07-06,180.0707244873047,180.19096578789345,177.83765678457772,178.4989904904753,96021500
2016-07-07,179.95909118652344,180.92102171960528,179.18611316605705,180.2511039404489,85593800
2016-07-08,182.6387939453125,182.88787371205893,181.03271041514787,181.26460910359248,133971000
2016-07-11,183.2829132080078,183.85836783048174,182.89642420159973,183.10255778750027,73633900
2016-07-12,184.6142120361328,184.91482195437317,183.30872520181805,184.2534879974387,101275600
2016-07-13,184.58843994140625,185.04364024233104,184.0988905880048,185.0350562555427,87324100
2016-07-14,185.61907958984375,186.09146096382784,185.2240065172921,185.8595622701769,91230900
2016-07-15,185.3700408935547,186.38350189854918,184.92342451754982,186.1859653324668,107155400
2016-07-18,185.86814880371094,186.03133627866475,185.23257998160727,185.49024372599104,58725900
2016-07-19,185.67916870117188,185.71351774617352,185.1982034392257,185.44727005511908,54345700
2016-07-20,186.45216369628906,186.69264634916527,185.67918561280436,185.67918561280436,58159500
2016-07-21,185.74786376953125,186.56378784701567,185.30124759136277,186.3404863105911,67777300
2016-07-22,186.58102416992188,186.63255430086946,185.60191236594807,185.8681601127261,62787500
2016-07-25,186.07427978515625,186.42641981878455,185.49025416332478,186.37488968807273,55873100
2016-07-26,186.16017150878906,186.52089552800123,185.30988503865265,185.97121895986987,70080500
2016-07-27,185.9626007080078,186.60675343190812,185.18960957613507,186.5380422353869,84083900
2016-07-28,186.17739868164062,186.4694115639682,185.30134692933154,185.76513132447965,65035700
2016-07-29,186.47787475585938,186.83859863071027,185.62760173132443,185.9110304412754,79519400
2016-08-01,186.32333374023438,186.9331243429286,185.8681335082554,186.5380513253309,73311400
2016-08-02,185.1295166015625,186.22886966074535,184.28782728241487,186.07426617459532,92295500
2016-08-03,185.6705322265625,185.73065942421186,184.76872910436384,185.06932577665748,53993600
2016-08-04,185.86814880371094,186.18592666210156,184.0129855705346,185.78225652047553,46585500
2016-08-05,187.3883514404297,187.43129758467038,185.86816015583045,185.86816015583045,71892200
2016-08-08,187.2766876220703,187.68035774616894,187.01043990305246,187.5772843896974,39906500
2016-08-09,187.3883514404297,187.88649788191057,187.06198957591155,187.34541840151223,51251700
2016-08-10,186.92454528808594,187.57728204608148,186.57240529396182,187.49998685868496,57941100
2016-08-11,187.7919921875,188.0410719218816,187.19078557828414,187.45703328341395,72504300
2016-08-12,187.62881469726562,187.84353227591953,187.22514460097062,187.48279521109853,61313500
2016-08-15,188.169921875,188.5220619012776,187.98956642127345,187.99815040777185,49813500
2016-08-16,187.1993865966797,187.81776118961807,187.1993865966797,187.74906309454158,53213600
2016-08-17,187.55152893066406,187.68895134278168,186.39206172989321,187.23375106979927,75134300
2016-08-18,187.97239685058594,188.00674590400527,187.41413627158713,187.52578052419267,52989300
2016-08-19,187.69749450683594,187.8778630216774,187.0104088063267,187.49995802320552,75443000
2016-08-22,187.68894958496094,187.92084826507224,187.08774291923015,187.45705090484964,61368800
2016-08-23,188.06683349609375,188.6079259870154,188.00670628362647,188.30731613532092,53399200
2016-08-24,187.10491943359375,188.0153199488283,186.68406822518517,187.92084368185178,71728900
2016-08-25,186.97610473632812,187.39695599813592,186.5638505669049,186.7184409659422,69224800
2016-08-26,186.62396240234375,188.19569696660065,185.7307428619742,187.16505500299778,122506300
2016-08-29,187.5429229736328,187.80917067509304,186.71840170284275,186.7527638545079,70502200
2016-08-30,187.2337188720703,187.7404491861261,186.67545843866245,187.4570204243694,58114500
2016-08-31,186.70127868652344,187.01905658667536,185.9197033644655,186.89881523753755,85269500
2016-09-01,186.70982360839844,187.0018363801602,185.54175941602995,186.6926425320238,97844200
2016-09-02,187.55152893066406,187.98096413953974,186.97608732340933,187.56871000850938,79293900
2016-09-06,188.11842346191406,188.19571866940018,187.1135464486192,187.8349945958065,56702100
2016-09-07,188.10116577148438,188.28153428748388,187.4913752425694,187.95515940392275,76554900
2016-09-08,187.67176818847656,188.04108927879108,187.3625743172942,187.7662444575968,74102900
2016-09-09,183.17990112304688,186.40066553200703,183.1541360562011,186.3491353983155,221589100
2016-09-12,185.8080291748047,186.211699332921,182.34678232524618,182.41549353357695,168110900
2016-09-13,183.13697814941406,184.78600816281963,182.5100062679612,184.51976036817493,182828800
2016-09-14,183.06825256347656,184.3995045375731,182.50999194788346,183.18849391631161,134185500
2016-09-15,184.8976287841797,185.2841178642702,182.72468760166677,182.90505616188128,134427900
2016-09-16,184.182861328125,184.4590944722847,183.49230481076822,184.27781482498975,155236400
2016-09-19,184.21739196777344,185.48630994921973,183.88936841102594,184.83890335344185,80250500
2016-09-20,184.22601318359375,185.23596585881714,184.1914906284369,185.08059460333067,69665300
2016-09-21,186.29771423339844,186.47898069045507,184.2432732432904,184.93384286086214,110284400
2016-09-22,187.47169494628906,187.77382331759617,187.06599889760872,187.3163236729462,76678700
2016-09-23,186.44448852539062,187.21274389263337,186.349535022854,187.0746273123034,73630900
2016-09-26,184.93385314941406,185.788421408978,184.7353056471843,185.60715494183682,89827300
2016-09-27,186.0819854736328,186.17692582663372,184.39871725053325,184.7699039996895,78494800
2016-09-28,187.00559997558594,187.16098444705716,185.3396129034857,186.30640278277602,87411000
2016-09-29,185.3136749267578,187.204104470085,184.76122177372574,186.79839524519184,128070600
2016-09-30,186.7120819091797,187.4199063360187,185.9006634609207,186.15098823868126,117202900
2016-10-03,186.26316833496094,186.48759785051803,185.62438916857957,186.29770405828924,83512100
2016-10-04,185.3136749267578,186.59986089200652,184.71807186720181,186.37543132629798,119948100
2016-10-05,186.13372802734375,186.56533245115412,185.8747627387532,185.94382102714545,72816000
2016-10-06,186.26316833496094,186.48759785051803,185.3654371012134,185.90924961420157,62927400
2016-10-07,185.62445068359375,186.71210241305084,184.89073096370655,186.53946325375526,89788300
2016-10-10,186.5912322998047,187.05735929363397,186.44448837264508,186.5912322998047,51855000
2016-10-11,184.23464965820312,186.22867306972515,183.50093007396097,186.15961478446923,130367400
2016-10-12,184.4763641357422,185.0029220468507,183.87210741988022,184.3727701199114,73866100
2016-10-13,183.8721160888672,184.37277881250301,182.3183506648853,183.1383964545473,101357000
2016-10-14,183.96705627441406,185.32230042035624,183.88937064314277,184.85616028968627,93346200
2016-10-17,183.3282928466797,184.2001290104698,183.14701319956384,183.9411637309563,58275700
2016-10-18,184.4763641357422,184.99428152881066,184.09655014457914,184.9338637601373,76869700
2016-10-19,184.9684295654297,185.27918534253752,184.38145374840627,184.743999959778,66519200
2016-10-20,184.6230926513672,185.18417307325706,183.95841822229002,184.61445213404807,73639800
2016-10-21,184.70945739746094,184.79578356572728,183.6563413679268,184.6231444007186,89089100
2016-10-24,185.49501037597656,185.8661971529854,185.1410914696841,185.58996390762755,60146600
2016-10-25,184.8734130859375,185.5726100534342,184.7094013189405,185.3136447987821,66542300
2016-10-26,184.50228881835938,185.08926459190204,183.80307849301803,184.04478912088538,75705500
2016-10-27,184.0102081298828,185.2618581862959,183.932522503348,185.22733563167608,77220200
2016-10-28,183.46641540527344,184.66627525984205,182.74996360298564,183.98434601838443,140623200
2016-10-31,183.4750518798828,184.02750504164658,183.3110400836288,183.8030623008685,61272500
2016-11-01,182.14566040039062,183.85482308506658,180.92854616141864,183.80301949974248,122781800
2016-11-02,181.0494384765625,182.22340310125568,180.60919351010102,181.8349485610785,103330800
2016-11-03,180.2208251953125,181.48111648902972,179.9446050859875,181.2653141776864,88939300
2016-11-04,180.0221710205078,181.17886747879908,179.87542712698004,180.33292666901343,109122100
2016-11-07,183.9929656982422,184.0275014291558,180.02221279211244,180.02221279211244,109794900
2016-11-08,184.82162475585938,185.3913456882219,183.32827731635166,183.5958699196225,106772100
2016-11-09,186.78114318847656,187.40265464085343,183.2937719088595,183.31966712174832,258429000
2016-11-10,187.2472686767578,188.44712849314652,185.77981621500157,187.57529226605848,172113300
2016-11-11,186.8156280517578,187.0573254376308,185.8661063705481,186.5221402505577,100552700
2016-11-14,186.96240234375,187.54939121308698,186.21141485639183,187.34221634658184,94580000
2016-11-15,188.42123413085938,188.42123413085938,187.1436886706669,187.35085037303622,91652600
2016-11-16,188.0673065185547,188.30037659432588,187.6788651732838,187.799713884513,65617700
2016-11-17,189.0341339111328,189.09455168882707,188.1104940063949,188.2227153855,69797200
2016-11-18,188.61114501953125,189.2758195618598,188.42986535470618,189.10318041582607,86265800
2016-11-21,190.03543090820312,190.061326121051,189.04274595830952,189.18948988828808,72402600
2016-11-22,190.40660095214844,190.5878674262554,189.67286819480196,190.34617001309869,67429000
2016-11-23,190.5102081298828,190.56199855821552,189.69016228106108,189.88869664684418,56620200
2016-11-25,191.21807861328125,191.25260118092413,190.77783355380177,190.85553238116742,37872300
2016-11-28,190.32029724121094,191.183506153263,190.21671638665197,190.90728615059814,76572500
2016-11-29,190.69149780273438,191.1489975057009,190.0527184195719,190.35484682939068,69886700
2016-11-30,190.23397827148438,191.4770011731992,190.17354732720995,191.3129893776226,113291800
2016-12-01,189.5348358154297,190.53614840019668,189.1722763883201,190.53614840019668,79040500
2016-12-02,189.62973022460938,190.12176563393854,189.26718405687768,189.62110287711204,74840300
2016-12-05,190.7691650390625,191.11444332708533,190.26850230136372,190.46703665840073,67837800
2016-12-06,191.37339782714844,191.40793355691486,190.47566642604642,190.959061270603,59877400
2016-12-07,193.87672424316406,193.93714201698313,191.09719053094688,191.2180392501075,110738100
2016-12-08,194.35147094726562,194.8262384579579,193.5832155832443,193.85082139583233,99714400
2016-12-09,195.52545166015625,195.54271952692997,194.5413939984243,194.5759297319717,88005800
2016-12-12,195.30099487304688,195.91387892867033,194.8780178109112,195.43047092700613,102016100
2016-12-13,196.60447692871094,197.10513972886207,195.94844283102532,195.96571069903715,110477500
2016-12-14,194.98162841796875,197.01016140790657,194.54138345400116,196.30233696682672,142501800
2016-12-15,195.78440856933594,196.64761746963478,194.99025796164372,195.2233280527507,124972600
2016-12-16,195.40145874023438,196.30449461315877,195.08019324173574,196.24370749227822,156420200
2016-12-19,195.8269500732422,196.25242021807802,195.43621921529203,195.58382806166625,90341100
2016-12-20,196.58236694335938,196.72998904113848,196.1308622002148,196.36529276906273,89838800
2016-12-21,196.0353546142578,196.6257900255581,196.0353546142578,196.4521333310084,67909000
2016-12-22,195.69671630859375,196.00930365347165,195.2972939932445,195.8877426443056,56219100
2016-12-23,195.98330688476562,195.99198508441174,195.54915841758398,195.74017155391692,36697800
2016-12-27,196.4694366455078,196.8688455832127,196.23499289997977,196.25236253831756,42672500
2016-12-28,194.8457794189453,196.7473513629358,194.73290985433692,196.72999496786161,64095000
2016-12-29,194.8023681640625,195.27124254814802,194.35952837165033,194.9152377246046,48696100
2016-12-30,194.0903778076172,195.21916626932097,193.39573773509508,195.13233129182169,108998300
2017-01-03,195.57516479492188,196.08745669776889,194.39428068462215,195.4014948455473,91366500
2017-01-04,196.73863220214844,196.88624102448443,195.8963834959372,195.90506169166738,78744400
2017-01-05,196.58236694335938,196.73866723841414,195.78353557184653,196.4694973821513,78379000
2017-01-06,197.28570556640625,197.75457997029636,196.14822572246666,196.69525690130232,71559900
2017-01-09,196.63449096679688,197.16415252270008,196.5997516767156,197.02522186068938,46939700
2017-01-10,196.63449096679688,197.494096283529,196.2437468237472,196.65184736268034,63771900
2017-01-11,197.190185546875,197.190185546875,195.87904905256127,196.54764122023056,74650000
2017-01-12,196.6952667236328,196.88629307342717,195.33204768099932,196.66921888040244,72113200
2017-01-13,197.14678955078125,197.4506854789142,196.83420217525517,196.8689282173547,62717900
2017-01-17,196.45211791992188,196.912314086498,196.0613870755476,196.50421359928438,61240800
2017-01-18,196.8862762451172,196.9296937298426,196.14821875225363,196.70392810893293,54793300
2017-01-19,196.15692138671875,197.10336166159573,195.7227730130148,196.9644310022128,66608800
2017-01-20,196.87759399414062,197.3725162121827,196.20900184077274,196.8428547074131,129168600
2017-01-23,196.36529541015625,196.93837441780465,195.60120331578133,196.8776005377454,75061600
2017-01-24,197.62432861328125,198.04110730769398,196.4694924451439,196.58236200351573,95555300
2017-01-25,199.33485412597656,199.33485412597656,198.41444861313335,198.57942708476708,84437700
2017-01-26,199.12646484375,199.45642179806757,198.84860356660786,199.18723871740303,59970700
2017-01-27,198.81387329101562,199.35221294255257,198.63152517563606,199.20460411065227,59711100
2017-01-30,197.5808868408203,198.14527431076596,196.5910292825521,198.1192264736395,79737300
2017-01-31,197.56361389160156,197.62440104075,196.51298194888764,197.08604789529494,75880800
2017-02-01,197.6417236328125,198.48397263245332,197.05128813776778,197.5635800965551,79117700
2017-02-02,197.77194213867188,198.05848163822307,196.9470629273824,197.64168968479072,69657600
2017-02-03,199.13522338867188,199.3175715815159,198.37113106653965,198.68371850487202,80563200
2017-02-06,198.77914428710938,199.12647089409037,198.44050912602498,198.72704860835105,57790100
2017-02-07,198.78782653808594,199.413001152579,198.59680022537114,199.16987916351556,57931200
2017-02-08,199.04837036132812,199.17860958634967,198.24084741872008,198.78787866212687,51566200
2017-02-09,200.22918701171875,200.53308285060126,199.0483031897821,199.0483031897821,65955200
2017-02-10,201.01934814453125,201.24511374790612,200.24656467340176,200.57652163270035,66015900
2017-02-13,202.1134490966797,202.37394078554578,201.48827434306412,201.51432218703496,55182100
2017-02-14,202.92095947265625,202.92965092011556,201.58378823053283,201.93110165080554,71109000
2017-02-15,203.9802703857422,204.17129673017433,202.65177742165497,202.70387310665336,86785800
2017-02-16,203.80665588378906,204.18870865175657,203.05124179659123,204.0063604673504,84722400
2017-02-17,204.1278533935547,204.1278533935547,203.1206261139442,203.13799575646308,77204100
2017-02-21,205.34352111816406,205.51717783350514,204.49258068942396,204.5012721371438,88946100
2017-02-22,205.16107177734375,205.38682407103877,204.77034104823056,204.93531948364873,62115200
2017-02-23,205.3001251220703,205.69953428425734,204.53601959557756,205.6821778853167,74615900
2017-02-24,205.56057739257812,205.60398163075845,204.40574112502264,204.44915861235992,82381600
2017-02-27,205.88182067871094,206.05547736011744,205.22191998970402,205.4737201903701,56515400
2017-02-28,205.32615661621094,205.7429353933033,204.93542568461442,205.49981333590287,96961900
2017-03-01,208.2001495361328,208.66903710130043,206.97584819827236,206.9932178393556,149158200
2017-03-02,206.88905334472656,208.01784167687381,206.83695766386924,208.00915023062703,70246000
2017-03-03,207.01934814453125,207.18432667765714,206.42022115545697,206.80227391655706,81974300
2017-03-06,206.40280151367188,206.75879306911065,205.7949832622554,206.22045338841588,55391500
2017-03-07,205.78634643554688,206.45493869702156,205.57795042895322,206.09893382085832,65103700
2017-03-08,205.404296875,206.34205904536253,205.26536620180002,206.08156734540214,78168800
2017-03-09,205.6647491455078,205.9947061188098,204.69226111786702,205.5258184989432,90683900
2017-03-10,206.3853759765625,206.67191538198813,205.43024462514376,206.62849791162333,81991700
2017-03-13,206.48960876464844,206.53302624373052,205.99468660074518,206.3246302936292,57256800
2017-03-14,205.6995086669922,205.99473965128954,205.08302535238667,205.94263071347856,59880800
2017-03-15,207.47947692871094,207.90494704677877,206.03810134422497,206.27254514390765,96081800
2017-03-16,207.07139587402344,207.69657056570838,206.74145213335817,207.61842704153688,78344000
2017-03-17,206.70773315429688,207.52748497821477,206.70773315429688,207.33562760211504,89002100
2017-03-20,206.48101806640625,206.9955386657425,206.08858732634974,206.70775257455526,52537000
2017-03-21,203.8298797607422,207.21353159487253,203.69907396583304,207.0914417506923,131809300
2017-03-22,204.30950927734375,204.59729531334645,203.23686191172945,203.86475629813637,97569200
2017-03-23,204.0914764404297,205.23389124734035,203.71649100900416,204.30949493966585,100410300
2017-03-24,203.9432830810547,204.97232430093987,203.1584215847625,204.3967654134975,112504900
2017-03-27,203.7339630126953,203.99558792463773,201.98109872423396,202.26015553865562,87454500
2017-03-28,205.2164764404297,205.64378421817472,203.31534804921594,203.4287219364353,93483900
2017-03-29,205.40835571289062,205.6438194779519,204.70197772450342,204.92872553782038,61950400
2017-03-30,206.06240844726562,206.26299509570111,205.1729023373202,205.3473145173019,56737900
2017-03-31,205.582763671875,206.25425118243345,205.53042804548232,205.72228542186915,73733100
2017-04-03,205.22515869140625,205.83560777851258,203.98681531276418,205.63503450134738,85546500
2017-04-04,205.3560028076172,205.44321553925872,204.55369624233452,204.93741097068593,56466200
2017-04-05,204.74559020996094,207.02170452205416,204.53628760067988,206.03625636686837,108800600
2017-04-06,205.32110595703125,205.84434237618655,204.44030269524427,204.88506895433855,69135800
2017-04-07,205.11184692382812,205.80950893751793,204.6234875062841,205.06824055294825,74412300
2017-04-10,205.23391723632812,206.03622381829902,204.70195149855675,205.25136244437823,67615300
2017-04-11,204.9897918701172,205.0944365325573,203.48982294341627,204.85025678233143,88045300
2017-04-12,204.0914764404297,204.9025121771207,203.86474199166958,204.71065483324944,81864400
2017-04-13,202.76593017578125,204.49264635524116,202.76593017578125,203.7513780987948,92880400
2017-04-17,204.56243896484375,204.56243896484375,203.08863152793316,203.28920485575787,68405400
2017-04-18,203.95199584960938,204.49269092066595,203.26306306311042,203.82119003786804,83225800
2017-04-19,203.57699584960938,204.89382305247162,203.350248049644,204.5188375475993,68699900
2017-04-20,205.23391723632812,205.6786835474388,203.87348375790813,204.19614691946305,92572200
2017-04-21,204.57992553710938,205.20782015502783,204.17877877426085,205.15549782133445,110389800
2017-04-24,206.829833984375,207.03913658035975,204.55371981687566,206.83854993582582,119209900
2017-04-25,208.03329467773438,208.38211902094167,207.38795500532558,207.47516774452527,76698300
2017-04-26,207.9024200439453,208.88786784517387,207.8588269927837,207.99834870872678,84702500
2017-04-27,208.07684326171875,208.38206115056326,207.53614838107092,208.22509423175043,57410300
2017-04-28,207.6234130859375,208.3646681217097,207.49259398071038,208.33850696202336,63532800
2017-05-01,208.14669799804688,208.57401921697095,207.72810603891213,208.14669799804688,66882500
2017-05-02,208.22515869140625,208.408286820045,207.8152827563437,208.28619696535378,57375700
2017-05-03,207.97225952148438,208.3210971990334,207.29204268375975,208.225168501057,73137700
2017-05-04,208.2164764404297,208.35601153637737,207.36184726464867,208.27752803495648,61462700
2017-05-05,209.03619384765625,209.05363905845795,208.1466743919275,208.59144077319036,62001300
2017-05-08,209.0012969970703,209.22803148889415,208.57397586696067,209.07978047807137,48385700
2017-05-09,208.8094482421875,209.4635038911385,208.46061057866922,209.26293055136313,51363200
2017-05-10,209.18443298339844,209.18443298339844,208.55653849819385,208.76584109552743,54293800
2017-05-11,208.7571258544922,208.92282208126235,207.66703310657925,208.73096469308598,62358300
2017-05-12,208.40830993652344,208.8007407053593,208.13796903592092,208.50423864062088,53912700
2017-05-15,209.5594482421875,209.6815381068416,208.81817979527509,208.83562500645345,61918900
2017-05-16,209.36753845214844,209.88205894539163,208.9751077930103,209.85589778856868,51241800
2017-05-17,205.65255737304688,209.36758891200134,205.5915057878833,209.36758891200134,172174100
2017-05-18,206.48101806640625,207.33564708136433,205.31242849124698,205.57405342021687,107047700
2017-05-19,207.82400512695312,208.49550600189377,206.91705379363307,206.9693761177174,115011400
2017-05-22,208.8791961669922,209.0448923782596,208.26874694663456,208.33850116599402,61010600
2017-05-23,209.34136962890625,209.50706582057947,208.87044220975147,209.25415690482768,48341700
2017-05-24,209.82974243164062,209.9343870618249,209.2367251447431,209.57684680643055,46927700
2017-05-25,210.8326416015625,211.1117117166761,210.13499292736947,210.34428220690918,64071700
2017-05-26,210.78903198242188,210.95471488011154,210.56228420500383,210.6407676786665,46629900
2017-05-30,210.6059112548828,210.85880690823186,210.30940923184025,210.46637619458193,35201900
2017-05-31,210.5535888671875,210.93730362949535,209.8559268727001,210.90241321103332,91796000
2017-06-01,212.22796630859375,212.2454115175485,210.72799770158105,211.01578376875395,68962000
2017-06-02,212.9343719482422,213.09135223566844,211.98381419186282,212.28031624869354,88666100
2017-06-05,212.7773895263672,213.04773040014112,212.5768028788348,212.75994431640865,44698800
2017-06-06,212.09715270996094,212.76864020187935,212.01865592594868,212.21051329700967,50375400
2017-06-07,212.48963928222656,212.71637382274452,211.76581597502113,212.4373169503223,54144300
2017-06-08,212.59425354003906,213.07389702522528,212.0622877304319,212.58553758823444,65950700
2017-06-09,212.2715301513672,213.66684053191238,210.99829628866172,212.8645340690705,132256400
2017-06-12,212.22796630859375,212.28028862866236,211.37333736495017,212.0273929793989,86108100
2017-06-13,213.26577758789062,213.31809991799568,212.41986443306365,212.7686888382962,60067000
2017-06-14,212.99539184570312,213.5447895029651,212.1669107707611,213.5360735520482,78602300
2017-06-15,212.5855255126953,212.70761536500794,211.35589773146378,211.63495454812295,66464900
2017-06-16,212.6319580078125,212.79846225791184,211.74687265459013,212.74588478349884,84553100
2017-06-19,214.4021453857422,214.46348131627227,213.36807267685154,213.46446917198807,65123800
2017-06-20,212.95619201660156,214.0516006254572,212.93867510647462,214.04284217039373,56906400
2017-06-21,212.90362548828125,213.46447418998125,212.43041482847005,213.3505607815512,55977600
2017-06-22,212.80722045898438,213.41188815738636,212.63195775392126,212.9123887793721,44148100
2017-06-23,213.06137084960938,213.39436599038638,212.48299186638778,212.86857785520218,66986800
2017-06-26,213.20156860351562,214.15677510037642,212.99125870244995,213.73612855487005,56700500
2017-06-27,211.48397827148438,213.28045114085404,211.4664479889237,212.98248982407338,82247700
2017-06-28,213.37684631347656,213.57839776076682,212.27266583769602,212.50927784989008,70042600
2017-06-29,211.5015411376953,213.57843198956039,210.2834470599806,213.52585450546604,106949700
2017-06-30,211.8958282470703,212.69328886434442,211.7030352764835,212.3164613775843,86820700
2017-07-03,212.2551727294922,213.28047373506152,212.2551727294922,212.842310226441,39153800
2017-07-05,212.7458953857422,212.956205293875,211.80821913969024,212.62321014876875,54427600
2017-07-06,210.80043029785156,212.09739031550365,210.61639577244307,211.97470508912693,65400800
2017-07-07,212.16754150390625,212.3165154970266,210.80923190915195,211.37885251169513,57972300
2017-07-10,212.39535522460938,212.77218276041182,211.86079525871835,212.16751503502994,36663300
2017-07-11,212.23760986328125,212.55308807592473,211.0633350496532,212.39534228375948,50354600
2017-07-12,213.83253479003906,213.99903905042524,213.2103501421296,213.2103501421296,59610400
2017-07-13,214.19180297851562,214.30572974577782,213.61342405936549,213.84127759388988,39471600
2017-07-14,215.19082641601562,215.550123645858,214.09541781651097,214.19181430813487,60262700
2017-07-17,215.16455078125,215.49755929471695,214.9892880689945,215.11197330474215,33531900
2017-07-18,215.27847290039062,215.33105037576013,214.4109044417314,214.75267140332065,42742500
2017-07-19,216.44400024414062,216.45275869991588,215.58519019739185,215.5939620248553,51034300
2017-07-20,216.54034423828125,216.8207618436642,215.98825410948186,216.69807663411822,47135200
2017-07-21,216.34762573242188,216.37391447410766,215.73418610191467,215.96203969211092,82340800
2017-07-24,216.2950439453125,216.43524610761716,215.82181986100522,216.2687418324605,46622300
2017-07-25,216.82083129882812,217.15383984784913,216.5929910857391,217.04867151191712,54915600
2017-07-26,216.82955932617188,217.14503754631622,216.56667195245774,217.10999035371677,47575400
2017-07-27,216.6280059814453,217.32907017246814,215.29598535567067,217.29402298017627,70766600
2017-07-28,216.3739013671875,216.50534506765416,215.69036738138323,216.14604779079357,50088400
2017-07-31,216.25120544433594,216.87339009140635,216.0408821622863,216.77699359192792,65838700
2017-08-01,216.7332305908203,216.8909630546303,216.20742896807218,216.8559158532361,55050400
2017-08-02,216.8383331298828,216.9785486449335,215.90065691612952,216.86462186749387,47211200
2017-08-03,216.41773986816406,216.7507350632111,216.13730878634553,216.72444632075187,40856000
2017-08-04,216.81202697753906,217.1450220844284,216.42644102796427,216.90842346493275,60191800
2017-08-07,217.2151641845703,217.2151641845703,216.7770006947097,216.88216902502444,31995000
2017-08-08,216.6805877685547,218.12653519851088,216.30377361424604,216.89966949687948,61719400
2017-08-09,216.67184448242188,216.72442196143078,215.6290132431172,215.9883105119293,62632600
2017-08-10,213.6134490966797,215.96201223833984,213.56087161999193,215.83055517493258,120479500
2017-08-11,213.92892456054688,214.52483382256958,213.60468787737565,213.84129989109698,74869900
2017-08-14,216.04969787597656,216.26877967179013,215.18214252243743,215.21718972622327,73291900
2017-08-15,216.02334594726562,216.45275095527597,215.7166395458477,216.4352206726645,55242700
2017-08-16,216.40017700195312,216.95226725385578,215.97077198695237,216.54915097735633,56715500
2017-08-17,213.0262908935547,216.10220669690156,213.0262908935547,215.7867284958323,128490400
2017-08-18,212.69334411621094,213.99030440569373,212.24640876298264,212.85983502343464,136748000
2017-08-21,212.85983276367188,213.12273355012877,211.92216978372596,212.63199254697696,65469700
2017-08-22,215.08567810058594,215.2434105253678,213.4294207819393,213.4469510641442,63140100
2017-08-23,214.3145294189453,214.74393446363172,213.9640039669038,214.1129779526059,50203800
2017-08-24,213.8150177001953,214.85783554021305,213.60469441803752,214.7001031073608,50741700
2017-08-25,214.3145294189453,215.23467544516538,214.1655554332432,214.61247739034948,64445900
2017-08-28,214.3232879638672,214.87536484803243,213.90264140146087,214.84907610934303,40565600
2017-08-29,214.5686492919922,214.83153666767876,212.8860898574734,213.00001663472923,51135700
2017-08-30,215.58518981933594,215.8568624081504,214.36709588430358,214.5511304287665,62030800
2017-08-31,216.88217163085938,217.1275421183944,215.62025862542873,216.2073961042938,103803900
2017-09-01,217.18890380859375,217.618308898543,217.03992980718857,217.25901158072978,62007000
2017-09-05,215.62901306152344,216.90845632697912,214.65628958561265,216.68060275588115,91398800
2017-09-06,216.36512756347656,216.69813609720273,215.77799008727263,216.31255008377002,57916900
2017-09-07,216.33888244628906,216.68942133449644,215.92700760995245,216.67189104716323,58034700
2017-09-08,216.08470153808594,216.54915375314587,215.83933106113685,216.04964097184285,63832800
2017-09-11,218.38943481445312,218.46830102703612,217.34660365356433,217.36412056412445,71364800
2017-09-12,219.1255645751953,219.16061177094062,218.57347429746457,218.757508847271,56896000
2017-09-13,219.230712890625,219.2657734569964,218.7224416517448,218.83636843491965,59228000
2017-09-14,219.16062927246094,219.3621941220807,218.73123757477026,218.90650031086992,95446300
2017-09-15,219.4556884765625,219.5437480273303,218.9096735724273,219.01535040856925,95432400
2017-09-18,219.92242431640625,220.27468936124285,219.53492470425593,219.82554941336866,46235200
2017-09-19,220.1425323486328,220.23060530447046,219.81668660051693,220.16895154777484,47108100
2017-09-20,220.2218475341797,220.33633971909913,219.217877390105,220.23066289489648,59574100
2017-09-21,219.63172912597656,220.1513246036864,219.45559666008037,220.06326508976116,48211400
2017-09-22,219.67576599121094,219.84309653742483,219.30588378075979,219.33230297878873,51214000
2017-09-25,219.22665405273438,219.7726822703158,218.4780875708016,219.4204038334813,57064400
2017-09-26,219.3587646484375,219.90477943081478,219.1209783820916,219.6581912427703,54082000
2017-09-27,220.2130126953125,220.60051224353407,219.17380813980478,220.06329940405377,81001400
2017-09-28,220.4772186279297,220.55647623440493,219.84313090003204,219.93119042787745,44778800
2017-09-29,221.25225830078125,221.33152936465626,220.28352262970367,220.46845708995932,85578000
2017-10-02,222.21212768554688,222.21212768554688,221.3050192347495,221.48116514786523,59023000
2017-10-03,222.6876983642578,222.71411756499828,222.13286827261376,222.21213931288233,66810200
2017-10-04,222.951904296875,223.19849246302292,222.42349340481678,222.53798556697373,55953600
2017-10-05,224.27294921875,224.29055306302746,222.98715636989485,223.2865829792005,63522800
2017-10-06,224.01754760742188,224.30817229711758,223.55960576734003,223.82379781429142,80646000
2017-10-09,223.6476287841797,224.30813566980223,223.38342334232127,224.24649534826187,35803100
2017-10-10,224.23765563964844,224.61635320073398,223.67402369597676,224.22005180000392,43057400
2017-10-11,224.58999633789062,224.58999633789062,223.97352582809376,224.1408429794285,47674300
2017-10-12,224.25534057617188,224.6252228909848,224.01755428877445,224.27295785917715,47065100
2017-10-13,224.5283203125,224.81014305364369,224.25531293079698,224.69565088529808,54800400
2017-10-16,224.82777404785156,225.02152384627416,224.41386868363918,224.75733179210658,38221700
2017-10-17,224.98626708984375,225.03030357124794,224.5547310729583,224.77490004193194,31561000
2017-10-18,225.2064208984375,225.40897257360467,225.01267114373968,225.3649360951649,40888300
2017-10-19,225.26806640625,225.30330096503195,223.99990448908267,224.42262512813844,61903800
2017-10-20,226.4305877685547,226.45703384894472,225.25049862139522,226.0695342685959,89176400
2017-10-23,225.5499267578125,226.78289470952075,225.47066913967694,226.75647550347557,63915300
2017-10-24,225.94625854492188,226.18403141702936,225.58517811802417,225.98149311430504,66935900
2017-10-25,224.82777404785156,225.72606734617,223.69170790078232,225.61157516399768,103715300
2017-10-26,225.11834716796875,225.71720027094304,224.99505309158897,225.44420635686615,69798000
2017-10-27,226.958984375,227.11752646682228,225.1271902823859,225.86695483187023,85562500
2017-10-30,226.11354064941406,226.8621205506391,225.81411406414324,225.86695246883247,54285700
2017-10-31,226.46578979492188,226.72119331711465,226.16636323060015,226.4922089954181,60304800
2017-11-01,226.7652130126953,227.5930504508183,226.3953442112068,227.24960084943612,54202700
2017-11-02,226.8533477783203,226.9942591759768,225.62040664395226,226.69483253449462,56449500
2017-11-03,227.61070251464844,227.65472556025642,226.59790370470265,227.0118224625833,59589700
2017-11-06,227.96298217773438,228.09507819915524,227.40815201166888,227.47859426439402,49652600
2017-11-07,227.804443359375,228.40329651186104,227.2936362946524,228.06863537485555,57502200
2017-11-08,228.1919403076172,228.28882864100103,227.3464988920122,227.6283216559132,50469600
2017-11-09,227.3640899658203,227.55783972270498,225.77004199375946,226.97659045205097,95085500
2017-11-10,227.2936553955078,227.46980133802757,226.65956762897312,226.97662495028916,59984700
2017-11-13,227.50498962402344,227.73397395455186,226.57147533569324,226.60670989641187,50228600
2017-11-14,226.9766082763672,227.08228508367694,225.91097109177107,226.69478553947752,61315200
2017-11-15,225.84054565429688,226.5274718290318,225.12720027576822,225.99906087705938,80811500
2017-11-16,227.76040649414062,228.1303022131102,226.74763454195505,226.79165758836004,67777000
2017-11-17,227.09109497070312,227.73399811055972,227.0118373577506,227.40815229861116,75756800
2017-11-20,227.47857666015625,227.6723264352788,227.09107710991117,227.33769216560881,48075500
2017-11-21,228.9669189453125,229.15188023534745,227.44336683698646,228.253573615451,69176800
2017-11-22,228.76437377929688,229.10782339481085,228.5970432130405,228.97572738884392,45033400
2017-11-24,229.29278564453125,229.3984893382344,229.11666657388875,229.2575779560616,27856500
2017-11-27,229.17831420898438,229.63625603171585,228.97574906326412,229.33682943114943,52274900
2017-11-28,231.5032958984375,231.52971510340254,229.54819410272967,229.64508243833384,98971700
2017-11-29,231.3623809814453,232.1726147148354,230.9132545038959,231.63538838728257,77512100
2017-11-30,233.38790893554688,234.30379244257114,232.20780655542106,232.28706415452353,127894400
2017-12-01,232.90354919433594,233.65212911092897,229.64506437519054,233.1677680993022,164390900
2017-12-04,232.62176513671875,234.9643395812636,232.56889985216333,234.5328169534945,94040600
2017-12-05,231.78514099121094,233.5112585927258,231.65304495366408,231.78514099121094,77994500
2017-12-06,231.82911682128906,232.2606662908368,231.3623596663015,231.8819552255446,75898600
2017-12-07,232.56011962890625,232.87715009091266,231.564951440777,232.56011962890625,77218600
2017-12-08,233.8282470703125,233.83703555282563,232.52483717294783,233.5200051561142,76563900
2017-12-11,234.53280639648438,234.59446016227557,233.80185719499212,234.53280639648438,83077500
2017-12-12,234.9467010498047,235.4222735318072,234.56801688640172,235.32538521320765,85195800
2017-12-13,234.9203338623047,235.63367930520064,234.83226088301262,235.1933412848402,102905400
2017-12-14,233.96035766601562,235.33420988966807,233.90751926326706,235.21971772501453,100666700
2017-12-15,235.90866088867188,236.37780387660885,234.91726642461435,234.97037491279792,144610300
2017-12-18,237.40460205078125,237.7586676268272,237.2098619319352,237.31607890340177,83653600
2017-12-19,236.49290466308594,237.6967331989454,236.4220753295202,237.65248512557366,82382900
2017-12-20,236.36891174316406,237.51963151737712,236.06795467934634,237.46652303631924,76751500
2017-12-21,236.85574340820312,237.57276191403741,236.6078948307616,236.9973750258081,67032300
2017-12-22,236.79380798339844,236.90888536418348,236.2538357382078,236.87347070544894,78720900
2017-12-26,236.51058959960938,236.73188398510146,236.24504714240877,236.38665177726588,45244400
2017-12-27,236.6256561279297,236.98858214507518,236.35125326360784,236.67876461692916,57751000
2017-12-28,237.1125030517578,237.156778136793,236.74074361292054,237.13022389116176,45116100
2017-12-29,236.21841430664062,237.71436618701495,236.02370122285757,237.69667236488982,96007400
2018-01-02,237.9091339111328,237.9445485729644,236.69644512475205,237.08592536448378,86655700
2018-01-03,239.41395568847656,239.56444774700554,238.07732904047535,238.07732904047535,90070400
2018-01-04,240.4230499267578,240.9099137641314,239.47593052365318,240.06015092041721,80636400
2018-01-05,242.02525329589844,242.14916410368429,240.72404124003702,241.21973849812952,83524000
2018-01-08,242.4678497314453,242.62717520941226,241.63578066187287,241.92787737147896,57319200
2018-01-09,243.01663208007812,243.64510052492588,242.60943099098998,242.892694266841,57254000
2018-01-10,242.64483642578125,242.91040586684394,241.5826397019457,242.25535618966668,69574300
2018-01-11,244.41519165039062,244.41519165039062,243.03431699806416,243.202502873595,62361500
2018-01-12,246.00860595703125,246.17676487288452,244.37985516627515,244.68083936554214,90816100
2018-01-16,245.16758728027344,247.92933646551307,244.46828956559077,247.2743138292236,106555100
2018-01-17,247.50440979003906,247.89388995981733,245.16755578483654,246.10584155381133,113258800
2018-01-18,247.0884552001953,247.81428020492635,246.5927309580643,247.3894123023468,100728000
2018-01-19,248.21267700195312,248.21267700195315,247.0885110708888,247.67270456903125,140920100
2018-01-22,250.23086547851562,250.23086547851562,247.94709207384852,248.00022758385515,91322400
2018-01-23,250.76185607910156,251.05395266862666,249.94748117071228,250.27499241194064,97084700
2018-01-24,250.6645050048828,252.00999180922344,249.47837064711314,251.40805070616526,134816100
2018-01-25,250.77072143554688,251.62934450787418,249.9740672582304,251.53198797011524,84587300
2018-01-26,253.67413330078125,253.71840837989234,251.35497278104543,251.6116817967824,107743100
2018-01-29,251.99234008789062,253.54140081045443,251.83301461108954,253.09881203257905,90118300
2018-01-30,249.40762329101562,252.0454349761544,248.9296198729371,250.15116915609678,131796400
2018-01-31,249.53152465820312,250.77076771980532,248.45160705877703,250.26623708958093,108364800
2018-02-01,249.24822998046875,250.55830220252017,248.45157575648545,248.79680789451083,90102500
2018-02-02,243.82215881347656,248.05330628069092,243.7867441488858,247.92050804184404,173174800
2018-02-05,233.6249237060547,244.17625286495982,233.07611790159658,242.0518319710831,294681800
2018-02-06,238.22775268554688,238.73231019083903,228.9953606423037,230.09297176528423,355026800
2018-02-07,236.9355010986328,241.0869592081186,236.85581134243014,237.6701866238681,167376100
2018-02-08,228.0482635498047,237.37804114136617,228.0128488891531,237.236409512231,246449500
2018-02-09,231.47390747070312,233.34161895839765,223.8790831879497,230.85427243881512,283565300
2018-02-12,234.8730010986328,236.35125945040988,231.61555429185336,233.53637439238625,143736000
2018-02-13,235.4571533203125,236.0059589043932,233.0760243079884,233.66024454656457,81223600
2018-02-14,238.63499450683594,238.99792051664463,233.95239805590404,233.96125847504936,120735700
2018-02-15,241.6800079345703,241.68886835374218,237.90914319970344,240.3876563687158,111200300
2018-02-16,241.75083923339844,243.70710116181584,241.00729329758568,241.05156838528038,160420100
2018-02-20,240.23716735839844,242.24653756584118,239.44051301354344,240.79483350383896,86369700
2018-02-21,239.0421905517578,243.17598166500747,238.944833986105,240.6797744492158,98883700
2018-02-22,239.3519744873047,241.6976893017276,238.67925800174504,239.97160950098848,110511300
2018-02-23,243.16709899902344,243.16709899902347,240.10439246899782,240.58239587399885,92766400
2018-02-26,245.9908447265625,246.08822830762622,243.6539899562212,244.24704380883512,86491400
2018-02-27,242.9192657470703,246.8937312696568,242.8572968360547,246.17671261007226,99099200
2018-02-28,240.45848083496094,244.47719455562333,240.1398298770944,244.0257453518368,121907800
2018-03-01,236.96206665039062,241.8039894547704,235.45725384673085,240.24606815342645,176855100
2018-03-02,238.1835174560547,238.75004394555748,234.41268018749736,235.28013673102748,139083200
2018-03-05,240.93638610839844,241.55602095861738,236.8822593732359,236.98850332937468,97307400
2018-03-06,241.54725646972656,241.9987056688439,240.04244381498555,241.91901591672593,79213200
2018-03-07,241.45867919921875,241.8127447405527,239.1749334961659,239.36967359591995,87063500
2018-03-08,242.62709045410156,242.75100122252138,241.13999915226822,242.14022675686374,66901200
2018-03-09,246.84939575195312,246.84939575195312,243.7247208821867,244.04339876548187,113625300
2018-03-12,246.53958129882812,247.76999075934336,246.150101110857,247.14152241608159,71924800
2018-03-13,244.94630432128906,248.21261126322244,244.33552972151472,247.70805363497897,91968900
2018-03-14,243.68930053710938,246.09698388009483,243.13166152792888,245.911104210368,105895100
2018-03-15,243.42372131347656,244.8488435881585,242.91916384425014,244.20268154383382,83433000
2018-03-16,243.68783569335938,244.74541813867725,243.63451448785352,243.95444172088858,100343700
2018-03-19,240.390625,243.86553445329375,238.7287176792221,242.93238634834753,109208400
2018-03-20,240.79945373535156,241.43933523682065,240.11511982084016,240.79055782840962,59757300
2018-03-21,240.33731079101562,242.86128039864445,240.12402598863446,240.75501161012448,78709600
2018-03-22,234.3295135498047,238.95085506648576,234.05398457579776,238.09768891476452,148785900
2018-03-23,229.33489990234375,235.10272912118262,229.13937980811755,234.77390603581736,183534800
2018-03-26,235.6092529296875,235.89365069196427,230.5435500072418,232.96087674326745,141956100
2018-03-27,231.60110473632812,237.0845077475653,230.03694435060825,236.55129590848824,129941400
2018-03-28,230.91680908203125,233.4141448412357,229.80590569801302,231.7344459062011,146452300
2018-03-29,233.86729431152344,235.74251268019424,230.9256253350439,232.06318892303307,111601600
2018-04-02,228.8193817138672,233.84955428667854,226.33095601742667,233.33408005180738,186286300
2018-04-03,231.752197265625,232.23211509398098,228.25952373637787,230.06362964338052,119956900
2018-04-04,234.23170471191406,234.94267187776452,228.04620357970649,228.1795065330961,123715300
2018-04-05,236.08029174804688,236.96901437539836,234.90717137074398,236.00028284452247,82652600
2018-04-06,230.81906127929688,235.60926254045447,229.29045714678506,234.10734612580416,179521200
2018-04-09,231.95660400390625,235.36929561281255,231.0145601956923,232.28542703410102,105442900
2018-04-10,235.6448211669922,236.43579739740815,233.71630807413945,234.86274084261026,103529000
2018-04-11,234.4094696044922,236.08027234606598,234.08064659886202,234.15173246967666,91140200
2018-04-12,236.3380126953125,237.28895245968727,235.5648283132808,235.74258369562386,68890500
2018-04-13,235.6448211669922,237.76888146260518,234.63169138070813,237.65334317082176,85079200
2018-04-16,237.58216857910156,238.35537991867997,236.4623966973388,237.28890209431214,63405300
2018-04-17,240.1239776611328,240.7283025606984,238.84421486107436,239.3596620703125,64682000
2018-04-18,240.3018035888672,241.11051757977623,239.83965031215212,240.56840961645577,57303900
2018-04-19,238.96865844726562,239.84848523627377,237.9288409607125,239.64406925265,77655900
2018-04-20,236.9423065185547,239.11968761914292,236.05358396674885,238.89750698119147,99953100
2018-04-23,236.90676879882812,238.079889035086,235.82252623895204,237.5199895077057,65558000
2018-04-24,233.71629333496094,238.15990660538384,232.20545397435194,237.93772594186268,112885500
2018-04-25,234.2939453125,234.73830661616998,231.8232975489614,233.65406395034879,103840900
2018-04-26,236.6757049560547,237.51110633985473,234.88049513217607,235.3248564162544,67731900
2018-04-27,236.89785766601562,237.59106010257747,235.95581402457663,237.28889771963074,57053600
2018-04-30,235.0760498046875,238.07993686694329,235.0049368006314,237.5200372270754,82182300
2018-05-01,235.49375915527344,235.60040154358634,232.94310213368462,234.50726282004828,74203400
2018-05-02,233.9118194580078,236.1158343393192,233.52077931035637,235.2982246645307,86368900
2018-05-03,233.39630126953125,234.0539472480929,230.22355539918735,233.07637418428243,136311500
2018-05-04,236.41806030273438,237.1023943057855,232.08998404215652,232.4188071815427,91222100
2018-05-07,237.21788024902344,238.19545354325084,236.49798989421606,237.19121965230207,55304900
2018-05-08,237.21788024902344,237.582232696994,235.64482367746677,236.84460477325905,67499200
2018-05-09,239.5107421875,239.83956521207637,237.36891745359867,237.89326053625578,59666100
2018-05-10,241.7503662109375,242.07921642902767,240.1506760201422,240.25731841663958,72063900
2018-05-11,242.48794555664062,242.75455146458208,241.3592505958174,241.87472484671625,59871500
2018-05-14,242.60354614257812,243.58111947058293,242.05251525518844,242.92347331428894,54790600
2018-05-15,240.93275451660156,241.38598469812845,239.98181461924676,241.36822000607532,87036100
2018-05-16,241.94586181640625,242.40801498332831,240.94160081495144,240.96828853304132,53942600
2018-05-17,241.7415313720703,242.82577442482668,240.95945085904327,241.67931425815422,56536400
2018-05-18,241.13705444335938,241.75917101738926,240.78157088176684,241.39479155221832,64368000
2018-05-21,242.95013427734375,243.49226925911267,242.23916692469527,242.63020710515173,58025900
2018-05-22,242.2747344970703,243.73225305791502,241.94591136659616,243.47451582524462,52966400
2018-05-23,242.9412384033203,242.96792612267254,240.8349698211104,240.99496052889378,64694200
2018-05-24,242.4435272216797,242.81680266690321,240.64831723876975,242.54130081610177,76043800
2018-05-25,241.8657989501953,242.49678426851798,241.35922066626534,241.8657989501953,56374800
2018-05-29,239.0841827392578,240.99495833548855,237.96441052496186,240.2306426726631,115908600
2018-05-30,242.2747344970703,242.71909594293706,240.3284563161106,240.39954221391434,69678400
2018-05-31,240.79058837890625,242.16809804630864,240.1862633068633,241.8659355102872,93519900
2018-06-01,243.154541015625,243.4567034850787,242.02584580614777,242.09695881170452,71258400
2018-06-04,244.30990600585938,244.56764322638998,243.7411374852083,243.98108289087327,45385200
2018-06-05,244.4876708984375,244.86981522949065,243.67003391133608,244.4432184812199,51135000
2018-06-06,246.53167724609375,246.63831963308894,244.4787299314409,245.10084668446635,62732200
2018-06-07,246.50502014160156,247.31376108332609,245.589636811371,247.02049451493454,72969400
2018-06-08,247.2337646484375,247.28708583953232,245.8740200321918,246.04287951121336,72139700
2018-06-11,247.56256103515625,248.28242415906195,247.3403803889715,247.45591866445332,58892500
2018-06-12,247.88250732421875,248.24685970522253,247.23373009435488,247.98025378701,72329000
2018-06-13,247.0916748046875,248.38033410870383,246.88725873417414,248.1225968235654,79070600
2018-06-14,247.71363830566406,248.24685012150417,247.1181822824306,247.96247952694245,77097600
2018-06-15,247.39764404296875,247.73687945983525,245.80861544036895,246.92450707824656,120041600
2018-06-18,246.88880920410156,247.01380215365688,245.45155374491642,245.93359935290076,52917600
2018-06-19,245.9425506591797,246.16572901730962,244.18390410737777,244.60348051040012,97531500
2018-06-20,246.36207580566406,247.03161074075462,246.02284041293345,246.62987888232178,53785500
2018-06-21,244.8176727294922,246.37101230855984,244.31775548944287,246.35314060777117,71061400
2018-06-22,245.26405334472656,246.20141869409275,245.0408750106083,246.0853616013994,54898500
2018-06-25,241.92530822753906,244.26421275255836,240.22915837869246,244.10353089437726,137854200
2018-06-26,242.46099853515625,243.31799588991603,241.73790276028785,242.49671470427884,68547400
2018-06-27,240.45236206054688,244.48741685986784,240.3005887939629,243.05016134884588,105110700
2018-06-28,241.82717895507812,242.594899506834,239.68464470836813,240.39883187175636,76650500
2018-06-29,242.17526245117188,244.29992445988526,242.05920536345172,242.92513835246228,97592500
2018-07-02,242.69302368164062,242.8537327800124,240.35411920403206,240.59516922986583,63554800
2018-07-03,241.83599853515625,243.69285723292634,241.40751363832052,243.5946446151051,42187100
2018-07-05,243.8089599609375,243.87145644156033,241.8896314708076,242.96983437259252,56925900
2018-07-06,245.8711395263672,246.24606390247396,243.451866568437,243.83575404000513,66493700
2018-07-09,248.0850372314453,248.13859785355555,246.835243976457,246.87986874706564,50550400
2018-07-10,248.97775268554688,249.07596532254158,248.24572118594975,248.5403318534839,51966800
2018-07-11,247.1566925048828,248.210115335847,246.85317312764195,247.41558709620494,77054700
2018-07-12,249.3972930908203,249.4508537056568,247.81720046625236,248.42423893002973,60124700
2018-07-13,249.5937042236328,249.89722347148899,248.76348740654552,249.2187799000535,48216000
2018-07-16,249.37049865722656,249.7811390955265,248.92414206324352,249.63832895968304,48201000
2018-07-17,250.37933349609375,250.77212957958386,248.54034603404995,248.59390665966666,52315500
2018-07-18,250.90599060058594,251.01311183450997,250.01327732662287,250.4596339636044,44593500
2018-07-19,249.95974731445312,250.62034650016577,249.47767445932342,250.2364862837895,61412100
2018-07-20,249.674072265625,250.3882593176565,249.51339039521181,249.7544132008316,82337700
2018-07-23,250.13833618164062,250.34364285295118,249.12062970426848,249.46880104972345,47047600
2018-07-24,251.39691162109375,252.24499992503596,250.5220702585434,251.55762067682633,68026900
2018-07-25,253.5394744873047,253.86083814957,251.10235774135126,251.14698250218464,78882900
2018-07-26,252.94143676757812,253.62881634663748,252.71825839527207,252.81647104568265,57919500
2018-07-27,251.22747802734375,253.3699852589754,250.2990482377023,253.27177259452932,76768700
2018-07-30,249.91519165039062,251.46850464889854,249.3884666343749,251.30782273390628,63742500
2018-07-31,251.1470489501953,251.76302337595422,250.29898756587647,250.6828477896245,68570500
2018-08-01,250.72743225097656,251.86119552302227,250.0757690092586,251.35234242817245,53853300
2018-08-02,252.09329223632812,252.2628826794248,249.2098188085701,249.41515265107927,63426400
2018-08-03,253.17343139648438,253.22699200106013,252.0396683649358,252.2182218758155,53935400
2018-08-06,254.1019744873047,254.41440240619343,252.81646491452096,253.20926101973006,39400900
2018-08-07,254.9411163330078,255.32500385355848,254.6375970039002,254.77152582733552,43196600
2018-08-08,254.8339080810547,255.23563992731937,254.36970701442615,254.77143886069084,42114600
2018-08-09,254.48580932617188,255.28924591806472,254.3519077680981,254.8964498520815,35717000
2018-08-10,252.78073120117188,253.58416781752885,252.06654413061483,253.0396257169645,77076000
2018-08-13,251.83448791503906,253.6734755756218,251.5398771988893,253.05750107107713,65732900
2018-08-14,253.44139099121094,253.68244110415935,252.1737529085382,252.5665490803838,43842000
2018-08-15,251.54885864257812,252.2273297545392,250.10266684578474,252.08449229710214,102925400
2018-08-16,253.5841064453125,254.45897517871572,252.95919631524671,252.99491247099334,69967900
2018-08-17,254.47686767578125,254.92322435482293,252.9681799211443,253.37882043769676,65618500
2018-08-20,255.02139282226562,255.28919588592854,254.47682360155784,254.9321160532297,39807500
2018-08-21,255.61959838867188,256.48553163461656,255.05718448496629,255.53925743720762,67272000
2018-08-22,255.4677276611328,255.99442513709798,254.94100294172503,255.20883322601682,44993300
2018-08-23,255.1286163330078,256.1552314798958,254.80722528431642,255.28929823562558,49204900
2018-08-24,256.6640625,256.8068999266529,255.65529190413824,255.7088525337014,57487400
2018-08-27,258.69049072265625,258.79761197284716,257.7085005234876,257.86918239877394,57072400
2018-08-28,258.81549072265625,259.26184743957043,258.3512623012562,259.1546989430114,46943500
2018-08-29,260.20806884765625,260.44015576794226,258.78865804429665,259.02968081501746,61485500
2018-08-30,259.15472412109375,260.10099827341065,258.55662131865336,259.72607385111013,61229500
2018-08-31,259.1636657714844,259.6100225417489,258.2531077677887,258.74408931769756,66140800
2018-09-04,258.71728515625,259.0743650908598,257.7085145894739,258.7440654702594,57594400
2018-09-05,258.0210266113281,258.5655961074691,257.0033472112408,258.36026215917684,72452400
2018-09-06,257.2442932128906,258.4315900320782,256.2087424133647,258.1280707493043,65909900
2018-09-07,256.7444152832031,257.7264056095643,255.9498871689571,256.1909372565599,73524800
2018-09-10,257.1906433105469,258.029795783636,256.9942453435805,257.7619655140776,50210900
2018-09-11,258.038818359375,258.485175095678,256.19092217610506,256.53906626382576,50530500
2018-09-12,258.1012878417969,258.70832640123996,257.3067871008832,258.0477272185196,59810800
2018-09-13,259.6278381347656,259.815327572716,258.8868979656381,259.1725728052701,51034200
2018-09-14,259.6725158691406,260.0206599791151,258.8869236040789,259.8331977660519,55079900
2018-09-17,258.2976989746094,259.65461357220147,258.0209599924916,259.6189246505068,68244000
2018-09-18,259.6992492675781,260.2973519680675,258.4851449199736,258.5119252312873,61930400
2018-09-19,259.97601318359375,260.39558959674406,259.6278418596497,259.7528348200766,49080600
2018-09-20,262.0827331542969,262.40412407765285,259.99378750454133,261.243607797826,100360600
2018-09-21,261.84332275390625,262.9463405779948,261.6819135211442,262.82975812096424,105479700
2018-09-24,260.9735107421875,261.4039627971183,260.39062573246207,261.260478778808,53409600
2018-09-25,260.7313537597656,261.53842728343164,260.48923991269794,261.4308211291793,44370000
2018-09-26,259.9512023925781,262.067529905459,259.52972667714494,260.87485844553476,79739700
2018-09-27,260.6776428222656,261.77168472182245,260.1485607989989,260.4265525846682,59249500
2018-09-28,260.70452880859375,261.20670925381296,260.01403753811275,260.0498880222129,70091400
2018-10-01,261.6101379394531,262.68622666354867,260.93757222435505,261.9508815803502,62078900
2018-10-02,261.457763671875,262.17515639058075,261.08114207292675,261.457763671875,47258200
2018-10-03,261.6011657714844,262.93732092255243,261.2424695244532,262.51584530642924,64694600
2018-10-04,259.55657958984375,261.1707264627903,257.96035795174475,261.1169233914768,111545900
2018-10-05,258.1039123535156,260.30094467632426,256.6690995378739,259.78083905612795,105951700
2018-10-08,258.1039123535156,258.4626087157315,256.023435139174,257.41339380530235,87742200
2018-10-09,257.72723388671875,259.0364877740068,257.1622741816713,257.7182849512629,74339000
2018-10-10,249.56674194335938,257.28781166234387,249.19012041566617,257.21605598398236,214731000
2018-10-11,244.06967163085938,250.10481158769392,242.44652089272267,248.4727119144293,274840500
2018-10-12,247.45936584472656,248.48165154002078,244.24897004992093,248.19468358925502,183186500
2018-10-15,246.06942749023438,248.43687248861843,245.97974656754855,247.10068968418298,102263700
2018-10-16,251.44993591308594,251.82658481388953,247.56700128469697,248.0422800364412,118255800
2018-10-17,251.49484252929688,252.12255433924483,248.9032085578938,251.48586622578452,110626000
2018-10-18,247.86288452148438,251.1539848634457,246.58053243287875,250.55314743749204,134557500
2018-10-19,247.72842407226562,250.4635142782088,247.02895667543848,248.51757239007574,139901600
2018-10-22,246.61648559570312,248.72383696350795,246.07842737480019,248.40101845103294,82415800
2018-10-23,245.3609619140625,246.4908812323126,240.87718984706726,242.97561925718117,146352700
2018-10-24,237.92689514160156,245.49550482212763,237.37091176619364,245.10987961328368,177806700
2018-10-25,242.1954345703125,243.746829651314,238.74295176343955,239.77421392783438,138061500
2018-10-26,237.93589782714844,243.0205087037729,235.20978341145334,238.46500715026616,201574600
2018-10-29,236.61764526367188,242.34792004292308,233.02167808446947,241.04761498312337,160749100
2018-10-30,240.12391662597656,240.4377861403637,235.95401412561196,236.4472454672982,157116000
2018-10-31,242.68870544433594,245.02027291292762,242.231351834055,242.70663068456653,128296300
2018-11-01,245.2713165283203,245.46860360050437,242.46447074229096,243.5585122577164,99495000
2018-11-02,243.81863403320312,246.81379126923983,241.75608192567535,246.38333918677264,122634100
2018-11-05,245.16375732421875,245.71974080681895,243.3343702469705,244.31182949328038,65622500
2018-11-06,246.71517944335938,246.87658874145473,245.0382523239815,245.10103172883584,60085900
2018-11-07,251.9969940185547,252.07769864057167,248.4727279898258,248.90318000735877,102752100
2018-11-08,251.53961181640625,252.18527608579305,250.39176726713777,251.18986446071753,65584900
2018-11-09,249.08251953125,250.40969857449798,247.66563220476698,250.22138780666992,98812600
2018-11-12,244.42840576171875,248.81352148681145,243.90827277285172,248.5714075989599,99673600
2018-11-13,243.97100830078125,246.90338543801982,243.24463940103615,244.89466427001102,98176600
2018-11-14,242.3030548095703,246.25771771213653,240.7337345772979,245.85419464390174,125335900
2018-11-15,244.8319549560547,245.2982849083458,239.44247789299996,241.02972383800775,135101400
2018-11-16,245.46871948242188,246.3833995942956,243.20887970388358,243.72901285190358,126668000
2018-11-19,241.3166961669922,245.15480520301122,240.39303991712816,244.8588608254808,103061700
2018-11-20,236.85079956054688,239.433456958105,235.98094658104677,237.96276640852702,136021300
2018-11-21,237.65786743164062,239.56795889286275,237.6489184960595,238.41113792665666,75563700
2018-11-23,236.0706329345703,237.47854413206406,235.90922368520557,236.00785354866954,42807900
2018-11-26,239.88180541992188,240.10599402311806,237.94481260429404,238.33938673526117,79981400
2018-11-27,240.68890380859375,240.68890380859375,238.23180522083328,238.84159171656168,75502400
2018-11-28,246.23086547851562,246.2308654785156,240.62614924099154,241.76504509519467,127629600
2018-11-29,245.6927947998047,247.10067849177832,244.3028089780721,245.45065358284322,82346400
2018-11-30,247.1903533935547,247.75531306368103,245.21751006572393,245.54032852478275,98204200
2018-12-03,250.46359252929688,251.45002823474667,248.85842121933842,251.3424220426582,103176300
2018-12-04,242.34786987304688,250.05996297233352,242.0340003684046,249.62951102024368,177986000
2018-12-06,241.98025512695312,242.09683760226312,235.3442766385494,238.4649924617953,204185400
2018-12-07,236.35760498046875,243.21777186305357,235.51465350817443,241.63947508654044,161018900
2018-12-10,236.80596923828125,237.7834283669261,231.91864622828135,236.17823013665304,151445900
2018-12-11,236.8597869873047,240.21364029390534,235.38014743243838,240.02532949846568,121504400
2018-12-12,238.05242919921875,241.22694762244885,237.97172458254013,239.85491440536387,97976700
2018-12-13,237.97177124023438,239.87288667280228,236.8508279552977,239.00303358902025,96662700
2018-12-14,233.57763671875,236.77008042652372,233.0216533288351,235.81054658043217,116961100
2018-12-17,228.99526977539062,233.7390958905715,227.35420711095531,232.61815256924055,165492300
2018-12-18,228.74412536621094,231.31781992686695,227.12996462928436,230.64525409342977,134515100
2018-12-19,225.3185577392578,232.6181396964807,223.6057668384241,228.82487153836016,214992800
2018-12-20,221.65081787109375,225.64137283491897,219.3909926003591,224.0630897715264,252053400
2018-12-21,217.10931396484375,225.2362647909047,216.45987909545187,222.55734939548714,255345600
2018-12-24,211.3726348876953,217.2355782530651,211.30950265452,215.6119911838422,147311600
2018-12-26,222.0521697998047,222.0521697998047,210.84944161565025,212.84284806900345,218485400
2018-12-27,223.75697326660156,223.95539867695237,215.53983252872507,218.79602145206852,186267300
2018-12-28,223.46835327148438,226.76061613928792,222.29576178319286,225.1189990663162,153100200
2018-12-31,225.42564392089844,225.66918540388036,223.21576818583068,225.10092653135382,144299400
2019-01-02,225.6602020263672,226.58926583134414,221.84478225503412,221.87184089599208,126925200
2019-01-03,220.27529907226562,224.20798164872417,219.7882160680314,223.90129414990102,144140700
2019-01-04,227.65359497070312,228.30302984004322,222.94519904963533,223.32403376286777,142628800
2019-01-07,229.44857788085938,230.8646972290095,227.02221880062802,227.92421020512762,103139100
2019-01-08,231.60427856445312,232.09136153682732,229.1057727631822,231.6493946419734,102512600
2019-01-09,232.68663024902344,233.5345040307875,231.0810872950285,232.3168106185449,95006600
2019-01-10,233.5075225830078,233.7600790572302,230.45878744851456,231.14430967565727,96823900
2019-01-11,233.5977020263672,233.62476066259418,231.83880809184683,232.42509689449088,73858100
2019-01-14,232.1725311279297,232.98431770874248,231.27956864169428,231.68544816880714,70908200
2019-01-15,234.83338928222656,235.1490916737424,232.5423241720815,232.55135289162263,85208300
2019-01-16,235.40164184570312,236.2946042059327,235.05888083122784,235.2663211625068,77636700
2019-01-17,237.18753051757812,238.0534616414611,234.48155769024675,234.52667375331637,96118400
2019-01-18,240.3445587158203,240.81361173980105,237.22367698460755,239.00962940531736,127900300
2019-01-22,237.09742736816406,239.0818193012612,235.47385398769612,238.86535019095635,115531200
2019-01-23,237.59349060058594,238.83824278385484,235.11301495399758,238.13469079243134,86030300
2019-01-24,237.7198028564453,238.30611923937073,236.39387450672066,237.4131291089255,59204100
2019-01-25,239.73129272460938,240.56113699192727,237.81907520505385,239.5779420624132,96883400
2019-01-28,237.90916442871094,237.97228288101937,236.13224098699024,237.57543214969337,85613700
2019-01-29,237.59349060058594,238.62174619116553,236.75464544284742,238.0535148926423,66136300
2019-01-30,241.35476684570312,242.2026406833032,238.35114858918067,239.11784653082972,92473700
2019-01-31,243.4744873046875,243.9615702787271,241.07518731789955,241.29168393224379,104012100
2019-02-01,243.5917510986328,244.62003432088505,242.79799440635136,243.67292700671777,85782500
2019-02-04,245.3054962158203,245.36864220032464,242.9603138087514,243.63680714579525,60744800
2019-02-05,246.33377075195312,246.64044441757986,245.23334052748848,245.7384533328247,79552800
2019-02-06,246.00904846191406,246.55024863747457,245.26943666611854,246.05416453371834,58347800
2019-02-07,243.66390991210938,244.93569324903805,241.99522072835208,244.385491843503,95482000
2019-02-08,243.96157836914062,244.0607841954562,241.58030821850048,242.4101522933993,75788900
2019-02-11,244.09686279296875,244.8815907605334,243.56469126929375,244.6200331224038,68021400
2019-02-12,247.23573303222656,247.6145538288021,245.64822009950578,245.7203947927641,72270200
2019-02-13,248.0385284423828,248.88640229444533,247.6506788684733,248.07461579450455,65277200
2019-02-14,247.4883575439453,248.62487529973822,246.12634198115146,246.94715730182546,83234400
2019-02-15,250.185302734375,250.2213900909725,249.0668424191426,249.27428278475568,97088700
2019-02-19,250.6182861328125,251.2767221593368,249.3735337448765,249.38256246631045,59120800
2019-02-20,251.12339782714844,251.5834221925955,250.07708462974486,250.5821975489618,76610800
2019-02-21,250.23037719726562,250.8437245244816,249.26524013655086,250.48293359827122,64214700
2019-02-22,251.7819061279297,251.9803178210539,250.21242228957465,250.85282851051454,78114600
2019-02-25,252.12460327148438,253.7391754379813,252.04342735606372,253.2160325852957,69030700
2019-02-26,251.9442138671875,252.8281477148543,251.56536541348055,251.77283331986646,56844100
2019-02-27,251.83592224121094,252.18768445095463,250.28449647210823,251.22254738248034,56921600
2019-02-28,251.36685180664062,252.0614025117037,251.0421482509604,251.61940819214135,69268300
2019-03-01,252.9363250732422,253.3512332204545,251.49313398651793,252.95435498344082,78880500
2019-03-04,252.01634216308594,254.2442615846253,249.70724683467924,254.00073386402337,106494600
2019-03-05,251.67359924316406,252.34109151429863,251.12339777030178,252.14265232989476,59114600
2019-03-06,250.1492156982422,251.79987506399203,249.82451206821207,251.79084634318414,75039800
2019-03-07,248.05661010742188,249.84253507639158,247.20873617255438,249.69821318039422,94885100
2019-03-08,247.56056213378906,247.73194270897582,245.72051942114308,246.18954505888917,85795800
2019-03-11,251.15042114257812,251.31277294522386,248.25503722238656,248.28209585616085,65098900
2019-03-12,252.09756469726562,252.62073511818048,251.5203045216892,251.70971500607914,79667500
2019-03-13,253.76626586914062,254.70434466473375,252.8281870735475,252.9905664513228,80639200
2019-03-14,253.60386657714844,254.21721402904817,253.16189966718966,253.79327703476096,67518400
2019-03-15,254.8568115234375,255.67217385267998,253.96895656840164,254.15922897523242,81309000
2019-03-18,255.78086853027344,256.0798522085391,254.84772648060226,255.07421753778297,62199800
2019-03-19,255.84432983398438,257.62001223888063,254.9474339645436,256.8499646508515,90268100
2019-03-20,255.0742645263672,256.8409061569528,253.95994601437738,255.62691718456892,84609200
2019-03-21,257.9552917480469,258.36295919968666,254.20458530590034,254.2499001213115,79550400
2019-03-22,252.99046325683594,257.1125886625874,252.92703913728187,256.5871416738669,122659300
2019-03-25,252.80026245117188,253.84211576949878,251.53191807895504,252.64623636947988,85575200
2019-03-26,254.6846923828125,255.64501237721365,253.27139021566225,254.56691259424372,68125900
2019-03-27,253.35292053222656,255.26451965428484,251.79466077147205,254.67562071877853,72224700
2019-03-28,254.3132781982422,254.76626043246904,252.8275108468557,253.98714426056276,56238500
2019-03-29,255.91680908203125,256.2429429637402,254.7028202203869,255.83527561160403,82186800
2019-04-01,258.9517517089844,259.2507353969234,257.6562294554753,257.92803532158666,77617900
2019-04-02,259.07855224609375,259.31411175709286,258.28129942224734,259.14197636795194,40070400
2019-04-03,259.4862976074219,260.70028640787444,258.8792893832779,260.30165991843205,68243200
2019-04-04,260.1747741699219,260.42844302231185,259.11481161265476,259.8123940447693,48997500
2019-04-05,261.43414306640625,261.4884987164008,260.5553565277104,260.84527175957334,58621700
2019-04-08,261.6334228515625,261.74213413764,260.3469414546982,261.0083053087824,53566300
2019-04-09,260.2925720214844,260.9901545020803,259.73994713059017,260.66402066112636,66142300
2019-04-10,261.1805114746094,261.27111345349385,260.292656318089,260.709392243547,52601500
2019-04-11,261.10791015625,261.6786719730382,260.53714833946185,261.6696034845715,55093100
2019-04-12,262.87457275390625,263.1554194410499,261.1532463220422,262.72961516573,69727800
2019-04-15,262.7025146484375,263.0467855656816,261.8961930109088,262.94711509855466,49596700
2019-04-16,262.87457275390625,263.6446478451655,262.2766330706167,263.5902922055785,52153200
2019-04-17,262.2313232421875,264.02511448909416,261.81455984428567,263.9979366716511,58268300
2019-04-18,262.7477111816406,263.0195170136347,261.51561321632846,262.8202037959717,68708500
2019-04-22,262.9742431640625,263.1282692576249,261.88710261030786,261.97770456841306,40160100
2019-04-23,265.3388671875,265.5744267870576,263.11020242684987,263.34573437856716,52246600
2019-04-24,264.7499084472656,265.5924484551816,264.60495086829656,265.2572461497418,50392900
2019-04-25,264.5868225097656,265.24818630138714,263.3909708280213,264.6502466365989,57770900
2019-04-26,265.8189392089844,265.89140417447715,263.852984878082,264.63212840824303,50916400
2019-04-29,266.23577880859375,266.7612536927352,265.8190428868499,265.9096448649269,57197700
2019-04-30,266.3716125488281,266.6615277592379,264.46910964412484,265.8914525775153,81111700
2019-05-01,264.369384765625,267.2141253423963,264.3603162772179,267.0057436438471,71671900
2019-05-02,263.7987060546875,265.17578963050886,262.29480184036845,264.251688252452,65030200
2019-05-03,266.3807067871094,266.6615535343913,263.9074140649592,265.2844976235947,56543700
2019-05-06,265.284423828125,265.7283374056001,261.7330322648306,262.05012524066905,107198100
2019-05-07,260.8544006347656,263.4635833063923,258.9337599592203,262.8656433068239,144729900
2019-05-08,260.49188232421875,262.21320875485543,259.8939426413556,260.49188232421875,91568300
2019-05-09,259.7037048339844,260.31068537441627,256.65965069887955,258.4081826437886,103471100
2019-05-10,261.0082702636719,261.7692768118698,255.75366174349872,258.7614692776843,112429300
2019-05-13,254.44912719726562,256.83181779706223,253.60658701000403,255.86245698110181,127290500
2019-05-14,256.7502746582031,258.2904250127476,255.34604106564015,255.4728616895639,77003200
2019-05-15,258.25408935546875,258.8973160384539,254.90201157775616,255.11039324591258,73956400
2019-05-16,260.64599609375,262.0139836797389,258.88842276281537,258.9608877573156,76749600
2019-05-17,258.9608154296875,261.46128558312,258.30852007000226,258.3266570494433,100353000
2019-05-20,257.24853515625,259.0695043234481,256.4965694181352,257.3481779432257,62877600
2019-05-21,259.5678405761719,259.9483300995827,258.69809494127446,258.9517638394938,46847100
2019-05-22,258.7705383300781,259.7308580940273,258.2903784481035,258.60747142250136,49482500
2019-05-23,255.60877990722656,256.57814069220854,254.18640932611981,256.53285353651415,98733800
2019-05-24,256.1886291503906,257.47511084993386,255.563511460535,257.05834729146926,55268100
2019-05-28,253.805908203125,257.42976561854806,253.78779886926955,256.469445615288,70029400
2019-05-29,252.10263061523438,253.09012820747273,250.68932877241326,252.68246093425395,104972900
2019-05-30,252.79124450683594,253.7062773948171,251.6859668369416,252.86370949352312,62523800
2019-05-31,249.3848114013672,251.0608510774312,249.3576335751754,250.2273793089908,86862800
2019-06-03,248.7506103515625,250.5444018690175,247.4097733105327,249.42101504816006,96428000
2019-06-04,254.15016174316406,254.28605085740452,250.6078380435042,251.0608201895297,77231900
2019-06-05,256.3516845703125,256.3788623970019,253.95995287812332,255.78092256199466,71169700
2019-06-06,258.0185852050781,258.6980583342851,255.99830279551534,256.6505981054674,69430400
2019-06-07,260.6006164550781,261.68778463704064,258.8702213835028,259.0423568064441,74272200
2019-06-10,261.7965087890625,263.47254829867563,261.70590682814134,262.15888898491045,60799100
2019-06-11,261.7330627441406,263.99797333840945,261.0807673870778,263.62652468320925,58641300
2019-06-12,261.2710266113281,262.0592110347435,260.75462038638943,261.4975176593364,47096300
2019-06-13,262.34912109375,262.7115289199523,261.4794031361024,262.1860541606602,48945200
2019-06-14,262.0592041015625,262.66618461137944,261.28912902914146,262.0592041015625,52324700
2019-06-17,262.1588439941406,262.92891905805794,261.9867085922827,262.2947330882832,39205700
2019-06-18,264.9039611816406,265.96395159926107,263.6265481749029,263.9889560205475,85434800
2019-06-19,265.5018310546875,266.03634654411115,264.06135148532627,265.03978052661387,78674400
2019-06-20,268.0386047363281,268.4462997612016,265.5653397054668,268.20169933498056,116570000
2019-06-21,267.6489562988281,269.0327096086749,267.4304762452486,267.76730892195235,83309500
2019-06-24,267.32122802734375,268.17695080507826,267.1664528059302,267.858343330806,47582700
2019-06-25,264.69940185546875,267.40320402985935,264.5901618132404,267.3758940193023,82028700
2019-06-26,264.4353332519531,266.1104117204618,264.32609323174887,265.6006064379724,51584900
2019-06-27,265.37298583984375,265.8827910686158,264.8176732015497,265.2000132319781,40355200
2019-06-28,266.7386169433594,267.2393097188959,265.83735883446985,266.356249022501,59350900
2019-07-01,269.1602478027344,270.30732395963344,267.94943901882687,270.08881606450626,78705600
2019-07-02,269.8611755371094,269.9157955556349,268.2680268380623,269.11466490751616,61504500
2019-07-03,272.018798828125,272.0370240258031,270.3983398266496,270.5440024965063,40898900
2019-07-05,271.7091369628906,271.8730247465179,269.4787461920178,270.78056917306634,51677300
2019-07-08,270.2161560058594,271.52709163942274,269.6699281948246,270.38912860905873,45841800
2019-07-09,270.55303955078125,270.85344962313894,268.9963136112253,269.05093362438123,41101300
2019-07-10,271.8457336425781,272.80163937906144,271.0901383185122,271.6272536032924,58448500
2019-07-11,272.4830322265625,272.7288222960999,271.4725341583795,272.49214482324027,50826100
2019-07-12,273.7029113769531,273.7757565819914,272.66510335475454,272.97462602040343,40326000
2019-07-15,273.7939147949219,274.13986001356335,273.28410956186127,274.13986001356335,33900000
2019-07-16,272.9109191894531,273.9123324860269,272.6013964945682,273.7029372296452,36650100
2019-07-17,271.0538024902344,273.0475168338763,271.0538024902344,272.88365675195547,36036300
2019-07-18,272.0460510253906,272.4284189252906,270.1069848644142,270.5530575957078,51392600
2019-07-19,270.5348205566406,273.17488951700204,270.36184793467834,273.14757951260293,58678600
2019-07-22,271.1994323730469,271.74566036239804,270.4165268880809,270.9354170847704,43638100
2019-07-23,273.1384582519531,273.1384582519531,271.4906898801052,272.3282429589469,44564500
2019-07-24,274.4220886230469,274.4220886230469,272.2827123691304,272.37375497654665,47213200
2019-07-25,273.1111755371094,274.0215461222331,272.30093238084265,273.9669261097101,55394100
2019-07-26,274.94110107421875,275.14138376652005,273.67567229506244,273.80313754575997,45084100
2019-07-29,274.4402770996094,274.9409975329503,273.88496444235926,274.8226449253915,38126500
2019-07-30,273.76666259765625,274.17634050250814,272.64689669808655,273.0292645947688,45849000
2019-07-31,270.7715148925781,274.20362975923155,268.7414062802214,274.0124319342064,104245200
2019-08-01,268.41363525390625,273.90316826513595,267.6125047676401,270.926266727686,142646600
2019-08-02,266.392578125,267.75813370512185,264.82673994850165,267.5123437023277,116749700
2019-08-05,258.3813781738281,262.37789047254336,256.46959444753156,262.2686504508643,178745400
2019-08-06,262.0046081542969,262.22311595739524,258.800114125972,260.2840224259199,120711700
2019-08-07,262.159423828125,262.9332443976407,256.7609328165687,258.9093941055426,140572300
2019-08-08,267.30303955078125,267.30303955078125,263.10624397401745,263.6615567635603,87713900
2019-08-09,265.4823303222656,266.95712658460286,263.68889872097986,266.3562785180373,93730000
2019-08-12,262.2503967285156,265.4730878052589,261.2944911794759,263.9709822651092,65527600
2019-08-13,266.3288879394531,267.7854863466533,261.604062657283,261.95000790450223,94299800
2019-08-14,258.4541931152344,262.86038323528885,258.32675568526605,262.25045052599626,135622100
2019-08-15,259.1369934082031,260.03827922086384,257.07957468323815,259.34638865403474,99556600
2019-08-16,262.9605407714844,263.3975008578796,259.1915933324982,260.80296699799425,83018300
2019-08-19,266.1286926269531,266.811470749754,265.31847703469884,266.0012551574997,53571800
2019-08-20,264.08941650390625,266.1559478619632,263.96197906068124,265.6188325164499,51596400
2019-08-21,266.23785400390625,266.61108144669385,265.5732735618248,266.2651640066054,49524700
2019-08-22,266.1558837890625,267.5851720223009,264.37156553730847,266.9479293949676,51666400
2019-08-23,259.3190612792969,266.52009579017056,258.06274545305905,264.84501728262177,149161500
2019-08-26,262.1867370605469,262.1867370605469,259.98362794853165,261.52215651011727,72423800
2019-08-27,261.1580505371094,263.96200798297605,260.39334244704855,263.58875264455764,66668900
2019-08-28,262.99688720703125,263.16074719197445,259.68312600593174,260.49336890197844,59696700
2019-08-29,266.3562316894531,266.8842622228338,264.56280040347383,265.5733262684983,57899400
2019-08-30,266.23785400390625,267.86739713545785,265.30017353483345,267.849199727759,62901200
2019-09-03,264.68115234375,265.44586035140384,263.342906384779,264.5264048922466,69101400
2019-09-04,267.6853942871094,267.70359169851827,266.11044305755405,266.8660662567893,46887300
2019-09-05,271.1265563964844,272.04601173467717,267.64893432357485,270.1888758671191,83258100
2019-09-06,271.3359375,271.9823206084942,270.76242737756183,271.4452053056266,49584300
2019-09-09,271.47247314453125,272.4192383877968,270.525680118965,272.32822357070256,51260300
2019-09-10,271.4087829589844,271.47251556675025,269.4423791904322,270.70777983817015,57947100
2019-09-11,273.33880615234375,273.42073618250896,271.06287937339005,271.7183473970211,68821100
2019-09-12,274.2856140136719,275.35073224460007,273.48448329983586,274.24919140423094,72908700
2019-09-13,274.1035461425781,275.08676218370005,273.73029077347746,274.73170422931923,62104800
2019-09-16,273.2568054199219,274.14897848806294,272.6104501609831,272.96548019983885,58191200
2019-09-17,273.9486999511719,274.03971477428865,272.8835542541403,273.0565268697463,41475500
2019-09-18,274.11260986328125,274.22184989674645,271.5089353423614,273.55726931675645,73375800
2019-09-19,274.0943603515625,275.50545141144795,273.75752768415975,274.50403822301746,76560500
2019-09-20,272.7993469238281,274.98519390619504,272.00367138149556,274.7016500646574,89565000
2019-09-23,272.7352600097656,273.4577816961044,271.87555772743826,272.13163747681665,43476800
2019-09-24,270.5953369140625,274.22620126527835,269.6258895174715,273.83294066131776,94869400
2019-09-25,272.1956481933594,272.64378075045323,269.18669038427777,270.67745123003607,71854000
2019-09-26,271.62872314453125,272.4152440972852,270.2111433294009,272.2049097502322,56179700
2019-09-27,270.1652526855469,272.4974339836382,268.60133838934956,272.38766161865783,84746600
2019-09-30,271.4183044433594,272.1316715423988,270.64093833191345,270.6866558994328,51662400
2019-10-01,268.18994140625,272.9640236192592,267.97045235619356,272.3055285584782,88242400
2019-10-02,263.4523010253906,266.60759388872265,262.1536209994655,266.5984392132766,122539500
2019-10-03,265.61077880859375,265.63821493132616,260.48915525058857,263.22372448846255,85278800
2019-10-04,269.20513916015625,269.46121902692136,266.2144612436863,266.2693614178473,65091200
2019-10-07,268.0435791015625,270.03737344455624,267.7600631368935,268.40027668262866,59610500
2019-10-08,263.8822326660156,266.9186273178331,263.8456418636576,266.1778240560578,95708100
2019-10-09,266.3881530761719,267.330163866287,265.2815255446239,265.9125842973869,62359400
2019-10-10,268.18994140625,269.07708019771036,266.1413025107588,266.30591929830115,55296300
2019-10-11,270.97021484375,273.2200609887571,270.8421888879988,270.9610601645509,98720400
2019-10-14,270.6683349609375,271.3268297186307,270.32079218457187,270.650025608119,40394800
2019-10-15,273.3480529785156,274.0980108272891,271.6012121939535,271.7201113541982,46754500
2019-10-16,272.9090576171875,273.60414325109855,272.470079667856,272.8816214953543,48928200
2019-10-17,273.7138977050781,274.59188154631295,273.0188120458572,274.07972197970906,45736600
2019-10-18,272.5158996582031,273.8237351414689,271.6561969701765,273.1743947402956,64304000
2019-10-21,274.3631896972656,274.5643971995634,273.40289765619775,273.84190345501065,39048600
2019-10-22,273.4670104980469,275.1955422972331,273.3755474390629,274.9028716727273,48594700
2019-10-23,274.2625427246094,274.31741494919675,273.0004257379152,273.2107878725617,34352200
2019-10-24,274.71075439453125,275.35096774674673,273.87848820089124,275.2046324687946,35453100
2019-10-25,275.8358154296875,276.38456599161293,274.07981921364865,274.1346914787799,45205400
2019-10-28,277.39044189453125,277.89347462896325,277.03377234377353,277.0612084630626,42147000
2019-10-29,277.3081970214844,278.2410811120785,276.9880902827629,277.11614414249385,44284900
2019-10-30,278.15869140625,278.53364237587607,276.1923339764379,277.50932343994657,49643900
2019-10-31,277.41790771484375,278.14958415855267,275.95461064863076,278.14958415855267,69053800
2019-11-01,279.98785400390625,280.03357156518547,278.70742736089915,278.8720719848223,71141500
2019-11-04,281.11285400390625,281.68904059809967,280.73787498370723,281.5518599591508,60606900
2019-11-05,280.8018493652344,281.61583418833646,280.5091787831795,281.31400892852895,42933200
2019-11-06,280.8658447265625,281.1402059222813,279.91467939707087,280.80181781069484,46487100
2019-11-07,281.8536376953125,283.1980636844052,281.37806887660855,282.2103352422951,54272300
2019-11-08,282.5486755371094,282.60354777955826,280.80183472421595,281.5060471093776,49032100
2019-11-11,282.00909423828125,282.18286565175106,281.0213380027051,281.1585465264149,35797300
2019-11-12,282.60357666015625,283.50899666369344,281.8261825985495,282.37493298971924,46484600
2019-11-13,282.6949768066406,283.0973918099148,281.37798732512465,281.6066309446851,53917700
2019-11-14,283.10650634765625,283.18884260846806,281.77123548206333,282.4114487534199,51219900
2019-11-15,285.1553039550781,285.20102153392094,283.7560055330492,284.4510634487525,62023600
2019-11-18,285.3655090332031,285.6033073209209,284.46008926165786,284.9173764853631,49228000
2019-11-19,285.2832336425781,285.9783192343083,284.633893524862,285.96916455738545,67804700
2019-11-20,284.2223815917969,285.21013793985827,282.65846660307335,284.68882364008175,79406200
2019-11-21,283.76507568359375,284.44187992545085,282.96027341075984,284.33213542963733,54664700
2019-11-22,284.39617919921875,284.65225903328314,283.38101454258776,284.51507839192874,44850200
2019-11-25,286.60028076171875,286.60028076171875,285.3290363912753,285.3290363912753,48647200
2019-11-26,287.2496032714844,287.4325293717628,286.31674714551434,286.63685386569955,37569000
2019-11-27,288.5299377441406,288.5299377441406,287.51474566076,287.73423458231457,44444600
2019-11-29,287.4599304199219,288.2098882647079,287.231286777775,287.96293526840475,36592700
2019-12-02,285.01806640625,287.7800718894544,284.58821519062707,287.71604496336914,75767800
2019-12-03,283.10650634765625,283.18884260846806,280.89325183584026,282.28339493490984,73941700
2019-12-04,284.8533935546875,285.4570161324448,283.81079303718053,284.15833584655,49080000
2019-12-05,285.3655090332031,285.57587120392253,284.04851959608425,285.5575897627893,40709000
2019-12-06,287.97210693359375,288.3745220003597,287.27702128907026,287.28617596668846,48927000
2019-12-09,287.0667724609375,288.255708659997,286.99359083940755,287.57893216920417,34838500
2019-12-10,286.74664306640625,287.6794993378117,286.0881480775881,287.01187757997974,52649800
2019-12-11,287.560546875,287.8166266366576,286.66425375389815,287.2038493977266,53429100
2019-12-12,290.0389404296875,290.8254608986176,287.3318084267443,287.56957875587193,96389600
2019-12-13,290.2127990722656,291.44748028058166,289.0238354266058,289.8012293659603,81503900
2019-12-16,292.20654296875,292.8010107917312,290.14875041263207,291.9504632337459,82749700
2019-12-17,292.2706604003906,292.89256453364175,292.1883520219256,292.5907671459367,61097700
2019-12-18,292.2889709472656,292.89259369337753,292.23409868949267,292.66394998245374,48133000
2019-12-19,293.48699951171875,293.5601811136339,292.22488202941423,292.4809618149106,85310500
2019-12-20,294.7737121582031,295.9133514557624,293.54216013229916,294.52554498688977,147142100
2019-12-23,295.22412109375,295.6193150707809,295.0770663015873,295.5641730296991,52990000
2019-12-24,295.2332458496094,295.4997562979168,294.9299366528091,295.4538139579539,20270000
2019-12-26,296.8049011230469,296.81410081176347,295.61011959881233,295.6192912396974,30911200
2019-12-27,296.7312927246094,297.59522183400037,296.1982438081762,297.5400798098116,42528800
2019-12-30,295.0954284667969,296.9519706183313,294.60832175381495,296.8141155199086,49729100
2019-12-31,295.81219482421875,296.06036195843774,294.2405911813962,294.58984266820624,57077300
2020-01-02,298.57867431640625,298.59707369212856,296.4280509440613,297.35632188751407,59151200
2020-01-03,296.3177185058594,297.44818606290164,295.1137376014159,295.16887962392286,77709700
2020-01-06,297.4482727050781,297.5309857629317,294.4336916748636,294.5531754410407,55653900
2020-01-07,296.61181640625,297.35626172884287,296.1614525096004,296.8783268220166,40496400
2020-01-08,298.1927185058594,299.415071092202,296.5567725820942,296.80491175584825,68296000
2020-01-09,300.2146301269531,300.2881715366581,299.17607508555085,299.7642941718717,48473300
2020-01-10,299.3506774902344,300.9590521159792,298.8819702432544,300.80282571626174,53029300
2020-01-13,301.409423828125,301.418595467985,299.5437103362365,299.9756749401628,47086800
2020-01-14,300.949951171875,302.02524903889974,300.38930301433004,300.96832250326685,62832800
2020-01-15,301.62994384765625,302.3927605127723,300.77521446379967,300.857927496319,72056600
2020-01-16,304.1390380859375,304.1390380859375,302.78800237002895,303.0177701581234,54050300
2020-01-17,305.085693359375,305.2970617828952,304.074709438756,304.85592556140824,95846000
2020-01-21,304.4883728027344,305.2971601999542,304.0472364390406,304.1207498170442,77742400
2020-01-22,304.5251159667969,306.00483551371946,304.3688895347337,305.35227462172975,48914900
2020-01-23,304.8742980957031,305.2878913528124,302.7512458779067,303.87251385833906,51963000
2020-01-24,302.16302490234375,305.6187415504845,300.867131159291,305.53602850916116,87578400
2020-01-27,297.3194885253906,298.80837915802067,296.54747219913145,296.88752400438364,84062500
2020-01-28,300.4352111816406,301.3175117188692,297.411458947893,298.7532951052364,63834000
2020-01-29,300.1869201660156,302.0342615721353,299.9847234546602,301.8044938568594,53888900
2020-01-30,301.1612548828125,301.37265136361,297.35631456325456,298.10993165792723,75491800
2020-01-31,295.69281005859375,300.6925600156886,294.7737387877723,300.53630555860406,113845600
2020-02-03,297.88934326171875,299.76425630272183,297.06218481792587,297.1816685577298,69083000
2020-02-04,302.4295654296875,303.30269428478084,301.19801339312164,301.5196939211996,62573200
2020-02-05,305.9220275878906,306.13342406208886,303.90928745455665,305.37977894311496,65951100
2020-02-06,306.9513854980469,307.14438258158077,305.8668602504077,306.88704378759394,50359700
2020-02-07,305.3154296875,306.96054675693904,304.763981419654,305.8852492800721,64139400
2020-02-10,307.5947265625,307.659068274648,304.387177215837,304.42394791532524,42070000
2020-02-11,308.12774658203125,309.74529243878567,307.59466970537795,308.9549048567541,54864500
2020-02-12,310.1130065917969,310.32437501033536,309.2031070607716,309.5707299192885,43992700
2020-02-13,309.7821044921875,310.7563176199279,308.4034978343105,308.6792079467562,54501900
2020-02-14,310.2784423828125,310.3979261263313,308.9917483138159,310.19572934064416,64582200
2020-02-18,309.4788513183594,310.34278047914535,308.0818451616025,309.2766545350302,57226200
2020-02-19,310.9585876464844,311.6386914492983,310.1681997727094,310.4531096386358,48814700
2020-02-20,309.6810302734375,311.2342627359956,306.6756497102531,310.4070762759255,74163400
2020-02-21,306.4918212890625,308.6332444766191,305.6646349127194,308.32076368797004,113788200
2020-02-24,296.32696533203125,306.5654044917158,295.24243993861,296.9886977552083,161088400
2020-02-25,287.3476257324219,298.3397102214259,286.4653251703709,297.72394817993217,218913200
2020-02-26,286.2906494140625,292.36569595954006,285.5554037486617,288.75375324576186,194773800
2020-02-27,273.43292236328125,286.34586342508396,273.43292236328125,280.73952266151736,284353500
2020-02-28,272.2840576171875,273.78214824298317,262.431612691045,265.3358812080312,384975800
2020-03-02,284.07574462890625,284.1400863513578,270.6297270280447,274.0762444015603,238703600
2020-03-03,275.94195556640625,288.44133073954566,273.4880509250483,284.45256470043904,300139100
2020-03-04,287.5405578613281,287.7611539878585,278.7818117968944,281.3460279031607,176613400
2020-03-05,277.9822692871094,283.5058962139264,275.7305616596984,280.2983466782864,186366800
2020-03-06,273.386962890625,274.600143835048,266.742094811253,269.42576751491714,228667200
2020-03-09,252.0369110107422,261.1908525177366,251.3200365803359,253.02029590077993,309417300
2020-03-10,265.0785217285156,265.1704064081337,251.36596739988065,261.6044337945912,276444100
2020-03-11,252.15638732910156,259.1229634601604,248.95803716936013,257.98332402832887,255316300
2020-03-12,228.03076171875,245.07953571162304,227.6355538003914,235.28223310787604,392220700
2020-03-13,247.52430725097656,249.50950476910805,228.40762001575544,241.79848253829408,329566100
2020-03-16,220.439208984375,236.1093600230753,218.15071689635337,221.66156120655316,297240000
2020-03-17,232.34117126464844,235.4384503329881,217.8841871380459,225.2091707258617,262070500
2020-03-18,220.57708740234375,228.26970883784816,209.56661838287255,217.13057041168213,327597100
2020-03-19,221.04580688476562,227.35983549708297,213.426712889275,219.88778223383576,289322000
2020-03-20,211.52001953125,226.00655045144487,211.2426740307218,224.2130655352576,347158800
2020-03-23,206.11180114746094,212.33351704835783,201.77600897963848,210.9560576399576,326025200
2020-03-24,224.78622436523438,225.6644874229351,216.14238643558852,216.7155567626122,235494500
2020-03-25,228.15135192871094,236.9893514752033,221.64304920373777,226.37636027644552,299430300
2020-03-26,241.47299194335938,242.952130051004,230.24060708214571,230.67511165977282,257632800
2020-03-27,234.2805938720703,241.11246767141768,232.0895913168638,234.14192818112465,224341200
2020-03-30,241.8890380859375,242.61012793433616,234.38230063523434,236.38841101925405,171369500
2020-03-31,238.28353881835938,243.44209923348404,236.8690925583453,240.88131248405355,194881100
2020-04-01,227.55966186523438,238.20038498234587,225.47959177832593,229.25145389535197,189554600
2020-04-02,232.8107147216797,233.59651059440668,226.1175056473169,226.67219670390733,177660400
2020-04-03,229.44558715820312,234.18815120543644,226.69989366837092,231.82148196719587,135561200
2020-04-06,244.85655212402344,246.83494311281618,229.42706884022215,238.3667446751759,188061200
2020-04-07,245.10618591308594,254.25848742495236,244.88432082833236,253.50041076837442,201427200
2020-04-08,253.33412170410156,255.1553402977811,245.21722468835665,247.72254639822816,153774500
2020-04-09,257.18914794921875,259.96257501604964,254.6653191618094,256.6159493233561,189999200
2020-04-13,254.84095764160156,256.5512432136812,250.91193618187472,256.20919174181677,114839100
2020-04-14,262.35693359375,263.3830879487361,254.70227689517753,259.75915946259386,134143400
2020-04-15,256.7823486328125,262.4956010018621,254.65603785042504,256.60669601387923,121775000
2020-04-16,258.02117919921875,258.88093484810514,254.9334336786974,258.0673917001335,131798300
2020-04-17,264.99169921875,265.6018282868167,261.0719034946224,263.8268509360191,146684800
2020-04-20,260.3230285644531,265.1303120046012,260.10116349306963,261.2659833305838,100109300
2020-04-21,252.41880798339844,257.04118565853446,251.4758248815079,255.83012496466915,126385700
2020-04-22,258.02117919921875,259.7776774253793,255.99657511457667,257.3278224089375,92951600
2020-04-23,258.00262451171875,262.49559036286263,257.69755999332085,259.3061384249286,104709700
2020-04-24,261.5989074707031,262.2737849334773,257.4664996865415,259.5280907921517,85063200
2020-04-27,265.3707275390625,266.4985889754129,263.12425845106605,263.586496282148,77896600
2020-04-28,264.150390625,269.39215082857385,263.84529791564745,269.04084563004807,105270000
2020-04-29,271.0655212402344,272.6094081249225,268.4770004780296,269.5124087829115,118745600
2020-04-30,268.54168701171875,271.16719437484034,266.7944145558796,269.6787739628933,122901700
2020-05-01,261.4324951171875,268.708114473872,260.2583929039917,263.76216376036905,125180000
2020-05-04,262.1535339355469,262.4585984481411,258.04886030775276,259.5372523753031,80873200
2020-05-05,264.57562255859375,267.4045150851888,262.2829133616879,264.99164778246103,79569900
2020-05-06,262.7821960449219,266.6742305212483,262.347691373259,266.28596655842614,73632600
2020-05-07,265.95306396484375,267.89446785734276,265.44461380352806,266.0177840109018,75250400
2020-05-08,270.3536376953125,270.8251292636539,267.9684749277972,269.1055900344271,76452400
2020-05-11,270.4090576171875,271.7957707331731,267.9869365553061,268.4121873446382,79514200
2020-05-12,265.0194091796875,272.0176674098095,264.8807152817734,271.60167035432886,95870800
2020-05-13,260.3323059082031,265.5001205570655,257.8916770510911,264.4554587301692,144721100
2020-05-14,263.4478759765625,263.5772879209333,252.3726454785997,257.8825416878287,121977900
2020-05-15,264.6588439941406,264.70505648386165,260.0919327846756,261.04414141750516,111146300
2020-05-18,272.7203369140625,274.3381694211798,270.59405404695514,270.91759797817065,119703800
2020-05-19,269.9191589355469,273.83892669652425,269.90067957898384,272.1194155151454,95189300
2020-05-20,274.5045471191406,275.37355648442514,273.24727378122304,273.4783926929953,85861700
2020-05-21,272.6094055175781,275.1887006824788,271.50927715097305,274.3751575327782,78293900
2020-05-22,273.1270751953125,273.3027278174098,271.07473822222124,272.32278593242313,63958200
2020-05-26,276.4921569824219,279.3672908413051,273.1455597403655,279.1269181511827,88951400
2020-05-27,280.6060791015625,280.64306602531383,274.4490681901454,279.3025651137045,104817400
2020-05-28,280.08837890625,283.66609503121555,279.413501549018,281.6414911722765,90405200
2020-05-29,281.3364562988281,281.92810608566464,276.85274343949885,279.616916798666,119090800
2020-06-01,282.4735412597656,283.0836986125022,280.1716057752101,280.68930991460604,55758300
2020-06-02,284.8124694824219,284.85871019641536,282.0575498728841,283.3980227490103,74267200
2020-06-03,288.6028137207031,289.5642763365017,286.5319972061454,286.8093286276454,92567600
2020-06-04,287.8447265625,289.3608801796868,285.73692319641066,287.6136076486184,75794400
2020-06-05,295.22198486328125,297.0062156989103,293.2066351666821,293.27135521881405,150524700
2020-06-08,298.7904968261719,298.9846287841616,295.49011247657876,296.03554964324275,73641200
2020-06-09,296.5625,298.8644349394058,295.24047860910855,296.10948782574224,77479200
2020-06-10,294.90771484375,298.0417006533348,294.1866250080655,297.1449581975567,95000800
2020-06-11,277.90655517578125,288.57500991013643,277.35189246861114,287.93711958413866,209243600
2020-06-12,281.2347106933594,285.73690229235734,276.0484161874025,284.9603461840579,194678900
2020-06-15,283.8601989746094,284.9973140281865,274.3288585585223,275.51218610329806,135782700
2020-06-16,289.3238830566406,291.80149916782295,284.4334273244577,291.6535796826212,137627500
2020-06-17,288.1220703125,290.645898869627,287.38247290117295,290.35005990509615,83398900
2020-06-18,288.2330322265625,288.7137494333171,286.1344825470021,286.5967203963752,80828700
2020-06-19,286.585693359375,291.9155242404037,284.62645174403957,291.72053803026614,135549600
2020-06-22,288.42437744140625,288.82364462241884,284.8309161384564,285.9823018090669,74649400
2020-06-23,289.7520751953125,292.0270187909269,289.3435136651866,291.0891805053778,68471200
2020-06-24,282.36083984375,288.3221026445459,280.5130470171993,287.6999659204182,132813500
2020-06-25,285.3879699707031,285.65725563286617,279.7517017632359,281.78521514723536,89468000
2020-06-26,278.609619140625,284.496613106318,278.02466021675593,284.28303778251814,127961000
2020-06-29,282.7044372558594,282.8437131584,277.56959117820196,279.8723900022034,79773300
2020-06-30,286.3257141113281,288.03425941034106,282.1101462280734,282.2679827842067,113394800
2020-07-01,288.3314208984375,289.60354975298884,286.98504934237536,287.4493212589986,72396500
2020-07-02,289.9192199707031,293.14126785785413,289.25066734943266,291.78557360503254,69344200
2020-07-06,294.3948059082031,294.9797930469439,293.0112846883872,293.7634029133658,61713800
2020-07-07,291.3585205078125,294.8312658250423,290.9778140865629,292.84419650034664,82910000
2020-07-08,293.5869445800781,293.69836529181094,290.35563059220567,292.1291241487949,54638600
2020-07-09,291.9156494140625,294.4412900731896,288.4800254892582,294.1998595801316,83354200
2020-07-10,294.8962707519531,295.1655564327674,290.41141592539316,291.8506477183594,57550400
2020-07-13,292.3426818847656,299.6503159393329,291.6834238219176,297.2546857699266,102997500
2020-07-14,296.1311950683594,296.9111684438746,289.70565963638995,290.91275521677863,93657000
2020-07-15,298.85186767578125,299.9568372125493,296.4562084826376,299.37185000638834,87196500
2020-07-16,297.8675842285156,298.32256163903685,296.2890483770897,296.93904039518486,54622500
2020-07-17,298.7310791015625,299.5203469107838,296.8925523816369,298.8796494933963,62774900
2020-07-20,301.1452941894531,301.89741230602556,297.7096712262448,298.4617893428172,56308800
2020-07-21,301.78607177734375,303.5688602543926,300.7925229713183,303.1231773035864,57292200
2020-07-22,303.50384521484375,303.81957507697444,301.3124952149974,301.42391594896776,57792900
2020-07-23,299.8825378417969,303.84743853397254,298.5083109695288,303.14173608373,75738000
2020-07-24,297.9510803222656,298.98175013530283,296.437549692827,298.01608517630467,73766600
2020-07-27,300.1239013671875,300.3003269403846,297.84895792558603,298.64752025746327,48293000
2020-07-28,298.22039794921875,300.51390206285504,297.92325715902894,299.3903437631197,57495000
2020-07-29,301.8881530761719,302.4545795243995,299.06537201457814,299.10252170058675,48454200
2020-07-30,300.81103515625,301.2288911921821,296.7997475610756,298.8982372356282,61861700
2020-07-31,303.1880798339844,303.29023437654934,298.36893574636844,302.6123872717791,84986800
2020-08-03,305.2958679199219,306.0665466642764,304.31161393946775,304.8594512805203,53077900
2020-08-04,306.4752197265625,306.4752197265625,304.43241166276096,304.43241166276096,41917900
2020-08-05,308.37872314453125,308.6387426586147,307.51518405645595,307.7844697411045,42697700
2020-08-06,310.4400329589844,310.5607481856349,307.4687098320137,307.79370582601723,43679400
2020-08-07,310.6629638671875,310.9508102318827,308.5551509127192,309.4651342076058,57308300
2020-08-10,311.5915222167969,311.7772140178284,309.16800760009943,311.11795570087463,44282100
2020-08-11,309.0193786621094,313.42069573344673,308.28584943097746,312.779998216801,69601100
2020-08-12,313.3278503417969,314.1078238035738,311.44290739160823,311.4707625746392,53774400
2020-08-13,312.7613525390625,314.07989702140344,311.83280886715886,312.55707179776755,41816100
2020-08-14,312.77069091796875,313.309262191888,311.6378663458615,312.37142388389935,47260400
2020-08-17,313.7642517089844,314.1635187584789,312.7799975076258,313.7921068906489,35481000
2020-08-18,314.4420471191406,314.8691692799468,312.55707623498836,314.1634670114722,38733900
2020-08-19,313.1328430175781,315.3427535089816,312.5664165514663,314.8227712360739,68054200
2020-08-20,314.1078186035156,314.59065121369554,311.26647663375564,311.3964580401114,42207800
2020-08-21,315.2220458984375,315.44488733306434,313.42993490529074,313.77351989954946,55106600
2020-08-24,318.4162292480469,318.4905002784155,315.1941813624829,317.6733772598312,48588700
2020-08-25,319.5304870605469,319.6140526018926,317.812675367797,318.98264962045295,38463400
2020-08-26,322.73394775390625,323.00320503029496,319.57690477140284,320.12474216610116,50790200
2020-08-27,323.43963623046875,324.8974567380326,321.76826879321163,323.6067956437199,58034100
2020-08-28,325.5288391113281,325.6588488315351,323.27248471263505,324.4703140245075,48588900
2020-08-31,324.34967041015625,326.19746372025384,324.117534433032,325.3153640093284,66099200
2020-09-01,327.4045715332031,327.50669775634526,324.28464942050243,325.18533810046165,54908700
2020-09-02,332.14007568359375,333.11503518351583,328.1751761535961,329.326589551269,69540000
2020-09-03,320.70977783203125,330.9144657991405,318.10983801844066,330.4408993621019,148011100
2020-09-04,318.0912780761719,322.97539952840935,310.94147899344426,321.3968919628231,139156300
2020-09-08,309.40008544921875,318.15627540940744,309.0936784498061,312.6499888940206,114465300
2020-09-09,315.5099182128906,317.98911438825974,312.5571272760751,313.42996074954317,91462300
2020-09-10,310.031494140625,318.05409760860255,309.06580068183547,317.39483946374094,90569500
2020-09-11,310.1893310546875,312.8913968390174,307.3479893715586,311.8235771656819,84680200
2020-09-14,314.27490234375,316.0577187703113,310.3378860035971,313.3742137938295,65605700
2020-09-15,315.8627624511719,317.5805458417575,314.2842266287377,316.7448620744899,52920900
2020-09-16,314.6092529296875,318.54627002203836,314.3306727558312,317.10703830296984,82096000
2020-09-17,311.8421936035156,313.56930006818635,309.19583770548394,309.72511455247275,91523300
2020-09-18,308.2519836425781,312.7641218537304,305.7535318848086,312.652255125821,105877900
2020-09-21,304.8211975097656,304.9703625943545,299.93616190338435,303.63723699190024,99450800
2020-09-22,307.9257507324219,308.48511293858974,303.786510237261,306.31295765255607,63612100
2020-09-23,300.7846374511719,308.7647876041219,300.2812086542762,308.4850922945836,93112200
2020-09-24,301.5863952636719,304.66284479348815,298.13701862085844,299.46084159117197,76681300
2020-09-25,306.4621276855469,307.2545266690337,299.85240149573735,300.72870054393417,71069400
2020-09-28,311.5521545410156,312.2699849202307,309.65033505865716,310.6478606722292,64584600
2020-09-29,309.85546875,312.09288862759786,309.15627326010457,311.3470914851777,51304000
2020-09-30,312.204833984375,315.3745150246238,310.33098066616634,310.52674746870787,104081100
2020-10-01,314.20916748046875,315.7939936667757,312.3166793180605,314.8151312708314,88698700
2020-10-02,311.2258605957031,314.18113907631994,308.755375812412,309.2308378000709,89431100
2020-10-05,316.7449035644531,316.93133863367797,313.24892595017747,313.29552760489906,45713100
2020-10-06,312.2420349121094,318.9916209803361,311.729302963915,316.8847029270966,90128900
2020-10-07,317.6771545410156,318.48821677065575,315.1880060376676,315.2159727197125,56999600
2020-10-08,320.4926452636719,320.55791035357345,318.7026918499149,319.62564947044564,45242500
2020-10-09,323.3546447753906,323.82077514743236,321.5274216830824,322.1520204494278,59528600
2020-10-12,328.556640625,330.0389317643469,325.4149265324529,325.90902357890184,80388500
2020-10-13,326.41241455078125,328.59390098164715,325.44285554250655,328.41676918829876,73255500
2020-10-14,324.36151123046875,328.09055463642454,323.6250456420397,326.99049365975,57727900
2020-10-15,323.96063232421875,324.44539770456635,319.88665712589415,320.42735587896095,60357700
2020-10-16,323.764892578125,326.9905072926632,323.5877607329296,325.32175233282794,89501900
2020-10-19,318.8424987792969,325.66662564516025,317.93820474053496,325.03269518199545,68425600
2020-10-20,320.1197204589844,323.38263328347693,319.4298565659154,320.19428880539374,60051900
2020-10-21,319.5137023925781,322.2545509759676,319.2060404462976,320.07303602156605,63575000
2020-10-22,321.26629638671875,321.8536250887592,317.5745525528942,319.72807216015303,55399300
2020-10-23,322.35711669921875,322.55288348801344,319.8866314347241,322.4969501197864,49143900
2020-10-26,316.4000549316406,319.7468683011783,312.8854129701897,318.9544408099831,91473000
2020-10-27,315.30926513671875,317.0805550577835,315.09483489956324,316.74495480868086,65994100
2020-10-28,304.5323181152344,315.3372174361068,304.03822102637105,309.6038191727914,127094300
2020-10-29,307.6274719238281,310.81578837223765,303.06870231995765,304.76542404064236,90597700
2020-10-30,304.4204406738281,307.3570564176711,300.7473309534802,306.0425653141652,120287300
2020-11-02,307.8324890136719,309.8461470533537,305.07297690678973,307.8324890136719,86068300
2020-11-03,313.2676086425781,315.3372288435115,307.9164405299495,311.0861216930012,93294200
2020-11-04,320.26885986328125,324.3708013943451,316.5864185914475,317.770379479061,126959700
2020-11-05,326.5149230957031,328.3328425325681,325.22839899580896,325.58266255378953,82039700
2020-11-06,326.4404296875,327.698987397985,324.10044608617153,326.22599947152867,74973000
2020-11-09,330.5423278808594,339.697134128335,330.0761975641896,339.31490385462536,172304200
2020-11-10,330.0576171875,331.12037969112043,326.76673774549005,329.544856684147,85552000
2020-11-11,332.50946044921875,333.3391577380837,331.0085058194259,332.2577318337856,58649000
2020-11-12,329.2838439941406,332.55608865324723,327.4659524226816,331.49329763734,67546200
2020-11-13,333.8425598144531,334.5883569886308,330.68218240938904,331.20424612138106,62892200
2020-11-16,338.0097961425781,338.2055629393037,335.23164878994646,336.52750492383075,74541100
2020-11-17,336.19189453125,337.40385067529587,334.06634098591303,335.58593068439836,66111000
2020-11-18,332.1458740234375,337.0122764984411,332.1085756256408,336.4622460448913,70591300
2020-11-19,333.5442810058594,333.9171796504589,330.1601696166916,331.51195921000055,59940900
2020-11-20,331.2602233886719,333.48834039613587,331.18565504150706,333.2832418785046,70417300
2020-11-23,333.2459411621094,334.5138306578325,330.83138907835473,333.07814104439876,63230600
2020-11-24,338.6157531738281,339.1657836062195,334.9519752282169,335.80963919215793,62415900
2020-11-25,338.0936279296875,338.5597582232347,336.9935672649966,338.5317915436353,45330900
2020-11-27,339.0353088378906,339.5107425153413,338.01911949606887,339.19377724692663,28514100
2020-11-30,337.5343933105469,338.522587629895,334.84017399091914,338.25222399147833,83872700
2020-12-01,341.2261047363281,342.77366115529867,340.2099438278555,340.8066044256797,74231400
2020-12-02,341.94390869140625,342.10237707755493,339.52935690252815,340.1073539820607,45927000
2020-12-03,341.8506774902344,343.24906853668045,340.7412849840267,341.84134577914966,62882000
2020-12-04,344.7966003417969,344.7966003417969,342.3447503282477,342.43798208148974,50749900
2020-12-07,344.088134765625,344.58223185090435,342.81094202350715,344.02286968163634,48944300
2020-12-08,345.0949401855469,345.66360553059275,342.76428854125237,342.81089019400326,42458900
2020-12-09,341.9998779296875,345.91535619383285,341.1608489052522,345.75688779106235,74098300
2020-12-10,341.8880310058594,342.9414618657392,339.7438139853996,340.6201414584873,57735400
2020-12-11,341.4871520996094,341.8973491666036,338.6530994826332,340.18199254569345,57698600
2020-12-14,339.9582214355469,344.75002707857266,339.7810896102844,343.66862960375323,69216200
2020-12-15,344.55426025390625,344.55426025390625,341.1328791037592,342.51260685790055,63865300
2020-12-16,345.0949401855469,346.0178691325795,343.8829842603113,344.7686432652782,58420500
2020-12-17,347.0247497558594,347.2298482690858,345.9153571320904,346.7450828970696,64119500
2020-12-18,345.63916015625,347.4835438740551,343.61688953888864,347.315028465513,136542300
2020-12-21,344.4032897949219,354.3273835242469,338.94505395818203,341.6975863159967,96386700
2020-12-22,343.8227844238281,344.84327670645274,342.6899485609677,344.730933126217,47949000
2020-12-23,344.13177490234375,346.05104449361977,343.80408706266854,344.7964934994354,46201400
2020-12-24,345.4705505371094,345.498636430874,344.01939840658713,344.6092021756435,26457900
2020-12-28,348.4384460449219,348.8316485795175,347.4085822635312,348.0358434497332,39000400
2020-12-29,347.7737121582031,350.1517561492149,347.1838797622155,349.97386928148484,53680500
2020-12-30,348.2699279785156,349.309163326104,347.87672541470425,348.59761582943503,49455300
2020-12-31,350.03936767578125,350.7696294601164,347.55835190666886,348.0732694651527,78520700
2021-01-04,345.27398681640625,351.50931305450376,341.5571340888975,351.3782264882775,110210800
2021-01-05,347.6520080566406,348.7474151939953,344.58115947645473,344.6279883530067,66426200
2021-01-06,349.7304382324219,352.9417447610297,345.5829256357248,346.1353006445559,107997700
2021-01-07,354.92657470703125,355.6755510261936,351.93998377691605,352.11787065274973,68766800
2021-01-08,356.94879150390625,357.16410716326504,353.0540523710122,356.3215017877144,71677200
2021-01-11,354.5427551269531,356.3122240238902,353.6346062372348,353.7563213314679,51034700
2021-01-12,354.61761474609375,355.63810716269546,352.3612856414251,354.7299869126949,52547700
2021-01-13,355.57257080078125,356.57432017615855,353.7562732681172,354.54270695675297,45303600
2021-01-14,354.327392578125,356.8271519116291,353.99036178526615,356.3215771507239,49989100
2021-01-15,351.7433166503906,353.5034135281114,349.8708476313768,352.69826556430814,107160000
2021-01-19,354.5052185058594,355.04825056313285,352.7263785156569,354.2149880713764,51233300
2021-01-20,359.4111328125,360.25373828155864,356.41517050960914,356.80837306175,61836100
2021-01-21,359.73870849609375,360.40345551342375,358.811845552649,359.9727671037602,47840100
2021-01-22,358.4655456542969,359.6358390265115,357.49185356856196,357.8757132232422,52860500
2021-01-25,359.8792419433594,360.2349871014211,354.327348891495,359.20515186913644,70402000
2021-01-26,359.3174743652344,361.2461152977036,359.08341572224913,360.8341698003207,42665300
2021-01-27,350.53564453125,356.068795148532,348.2886869202177,355.97516596231895,123351100
2021-01-28,353.55029296875,357.57609050684005,351.9212538321037,352.361256685765,94198100
2021-01-29,346.4724426269531,352.6515984374224,344.7872027304866,351.67790617979426,126765100
2021-02-01,352.2396240234375,353.2788309221134,346.76264480789047,349.88966556631954,75817600
2021-02-02,357.22027587890625,358.78380012595835,352.32378754013087,355.4414359743466,64450700
2021-02-03,357.5011901855469,359.2332299217936,356.21855334617453,358.0535651747562,52427100
2021-02-04,361.5644836425781,361.61128394926374,357.6135720376976,358.54043525435304,47142600
2021-02-05,362.987548828125,363.699096345573,361.5176820583244,363.4463232614555,48669800
2021-02-08,365.6090087890625,365.65580909374563,363.586738480656,364.4480583738054,38365200
2021-02-09,365.3655700683594,365.96477395529973,364.354449223665,364.7663661814191,35551100
2021-02-10,365.2063903808594,367.2661179869432,362.79091761700954,367.11631701817225,59154400
2021-02-11,365.7962341308594,366.71375437873075,363.3526753951774,366.2924373552477,42913300
2021-02-12,367.6031494140625,367.8465509696831,364.9161322408801,364.9910470053873,50593300
2021-02-16,367.2847900390625,369.03557258814334,366.5638997458716,368.838942767774,50972400
2021-02-17,367.369140625,367.62191370338655,364.5042362118772,365.52475715839137,52290600
2021-02-18,365.8056640625,366.5546404776683,363.01567405850335,364.7477141616512,59712800
2021-02-19,365.1596374511719,367.35979482228066,364.710234486557,367.06956433626385,83241000
2021-02-22,362.3508605957031,364.77570467738775,362.0793445732656,362.37894648963726,67414200
2021-02-23,362.7908630371094,364.1484144693757,355.95636272337646,360.1319605275724,107284100
2021-02-24,366.7886047363281,367.2192932071919,360.70308007225555,361.6954864240523,72433900
2021-02-25,357.9505615234375,366.89161908333995,356.499409324203,365.51535308048653,146670500
2021-02-26,356.10614013671875,360.9932853617755,354.1119846550565,359.8417352144453,152701600
2021-03-01,364.73828125,365.9928608201491,356.3028265082272,361.0027141509435,105348800
2021-03-02,361.89208984375,365.1969964695726,361.3865152161949,364.9629378457279,79595300
2021-03-03,357.0986633300781,362.16366807695084,356.9956626525254,361.1900045292003,119940200
2021-03-04,352.67962646484375,359.5141284149185,348.1669683082812,356.9113970656126,183433000
2021-03-05,359.1676940917969,360.2256437904817,348.878484696464,356.199817756297,152039600
2021-03-08,357.3795166015625,362.95946750367347,357.0986576156705,360.1320489497684,123149200
2021-03-09,362.4820251464844,365.0472992498292,360.7406136330213,361.24618840423545,113633600
2021-03-10,364.73828125,366.4422351649294,363.41821554059374,364.8412819184215,109899400
2021-03-11,368.43646240234375,370.421275513694,366.76059418897574,367.2193686481361,86245000
2021-03-12,368.9326171875,369.07304666812473,366.2549998515435,367.06951941078046,64653600
2021-03-15,371.1327819824219,371.3949265422265,367.03206963349646,369.18539790534726,73427200
2021-03-16,370.66473388671875,372.4622887549395,369.887642979991,371.7507697149277,73722500
2021-03-17,371.9285888671875,372.7337369575825,368.22107905505703,369.37265796859043,97959300
2021-03-18,366.5172119140625,371.42307315157814,365.8337502203185,369.32591633034133,115349100
2021-03-19,365.83892822265625,367.8020636819238,363.6503410529829,366.21464285308076,113624500
2021-03-22,368.76019287109375,370.1503687335983,366.2992287259354,366.3555844952755,73778600
2021-03-23,365.8577575683594,369.57738168580414,365.0687481292161,368.1214765299791,90686600
2021-03-24,363.9979553222656,368.91051044021407,363.9510017329088,367.2667334999967,97588600
2021-03-25,366.045654296875,366.8440373087944,360.5976906558318,362.55145301854907,116128600
2021-03-26,371.94439697265625,372.3482894976798,366.59977232463365,367.2009100210331,114409100
2021-03-29,371.75653076171875,372.6676538345254,368.9668057792232,370.460290857603,108107600
2021-03-30,370.7702941894531,371.44659205631615,369.1640688399087,370.4791131725585,76262200
2021-03-31,372.2731628417969,373.8418081671427,371.3150861152096,371.34326399936833,112734200
2021-04-01,376.29339599609375,376.34978043348616,374.0109012264915,374.217548612949,99682900
2021-04-05,381.69439697265625,382.23920768562596,378.89529792498365,378.97042940339537,91684800
2021-04-06,381.4689025878906,382.5209150802429,380.7926047477798,381.1307680004305,62021000
2021-04-07,381.910400390625,382.2579371835131,380.8396121278128,381.2998604572925,55836300
2021-04-08,383.72332763671875,383.779683417226,382.22984212287975,383.1691433515985,57863100
2021-04-09,386.5129699707031,386.68206594090964,383.4790460028009,383.6011597225974,61104600
2021-04-12,386.6539611816406,386.92633789172277,385.30136515533724,385.9119052045941,56704900
2021-04-13,387.7998352050781,388.42917954960046,386.1654604773493,386.55057736501305,56551000
2021-04-14,386.4754638671875,388.8330902261772,385.93065315580645,387.7716753560826,61659900
2021-04-15,390.62713623046875,390.8995415703954,388.57946675216493,388.6264203401687,60229800
2021-04-16,391.9327392578125,392.54327916671264,390.4956098933959,391.9233370750753,82037300
2021-04-19,390.0071716308594,391.44430105643295,388.67338022421853,390.9934549089228,78498500
2021-04-20,387.15167236328125,389.89441499401704,385.6675608588842,388.78604678933874,81851800
2021-04-21,390.8149108886719,391.0215582219354,386.3907832536007,386.5317013130158,66793000
2021-04-22,387.2456359863281,391.48189292118855,386.1748476885306,390.6459298873599,97582800
2021-04-23,391.44427490234375,392.86262853206887,387.7340532904559,387.8091847549569,73209200
2021-04-26,392.261474609375,392.83446312200067,391.5100452797452,392.10180949279464,52182400
2021-04-27,392.1769714355469,392.75936217623746,391.03102298643597,392.5620883130966,51303100
2021-04-28,392.0642395019531,393.5765290480743,391.59458899256765,392.44935635947223,51238900
2021-04-29,394.56280517578125,395.18274732181203,391.1625398887709,394.8070326268462,78544300
2021-04-30,391.9703369140625,393.1350897684638,391.068615885812,392.2803223290576,85527000
2021-05-03,392.81573486328125,394.3561737746238,392.317906422609,393.9710568804894,68128300
2021-05-04,390.39227294921875,391.31279823905703,386.6820512371507,390.8149698608731,101591200
2021-05-05,390.514404296875,392.28029482456407,389.950817944286,392.04546956641803,60162200
2021-05-06,393.6329040527344,393.7643912958881,388.5700575548466,390.5895491108578,74321400
2021-05-07,396.4977722167969,397.15529444702287,393.71744901179585,394.4031491281633,67733800
2021-05-10,392.57147216796875,397.0801056159915,392.44935844844775,396.85468254314804,81852400
2021-05-11,389.0678405761719,390.0634972953382,385.1697473456406,388.0252302753278,116888000
2021-05-12,380.802001953125,387.54617590109956,379.47758417250213,386.2687403671369,134811000
2021-05-13,385.3764343261719,387.3207943827429,382.3143037249166,382.36128597661525,106394000
2021-05-14,391.2940673828125,392.1488348842711,388.10044914930353,388.1286270376946,82201600
2021-05-17,390.2983703613281,391.11558637114666,388.2694766099181,390.1762853009676,65129200
2021-05-18,386.93560791015625,390.8055229604252,386.77591414741556,390.5612955580646,59810200
2021-05-19,385.92120361328125,386.0996731004332,380.7268701153133,382.22038396362564,106467100
2021-05-20,390.07293701171875,391.34099915612734,386.6820739969034,386.80415905405096,78022200
2021-05-21,389.75360107421875,392.81573183580736,389.2933527076713,391.566445319186,76578700
2021-05-24,393.7267761230469,394.80696643943276,391.76361199046715,392.00783940058864,51376700
2021-05-25,392.853271484375,395.1733462806178,392.27090940571543,394.81640728655066,57451400
2021-05-26,393.6329040527344,394.14010598871914,392.4024219512265,393.4450323737221,43088600
2021-05-27,393.83953857421875,395.1827321731997,393.55773106490165,394.666128070574,56707700
2021-05-28,394.54400634765625,395.6805525494972,394.3091810939177,395.41754941191766,58520200
2021-06-01,394.196533203125,397.06139029520114,393.75506050821133,396.9205008532493,54216600
2021-06-02,394.8164367675781,395.6618307283131,393.8395842179401,394.8540168395476,49097100
2021-06-03,393.35113525390625,394.49708381221865,391.01228454550323,392.4869942418522,58138800
2021-06-04,396.94866943359375,397.24925267950715,393.41688795710087,395.21095658307695,55938800
2021-06-07,396.5634460449219,397.1176301316004,395.6241451525471,396.9391606688341,51555000
2021-06-08,396.6480712890625,397.5216144410657,394.8070491410869,397.4276785970966,47134300
2021-06-09,396.0562744140625,397.5685639814991,395.8308513392417,397.4934038464304,48436300
2021-06-10,397.8973083496094,398.8554137767314,395.96235045882463,397.2867683935218,51020100
2021-06-11,398.5548400878906,398.6675516313781,397.1552906475976,398.4515307280918,45570800
2021-06-14,399.4471740722656,399.55048342857026,397.4182803625306,398.6675381475228,42358500
2021-06-15,398.7145080566406,399.63500471228963,397.8315628029255,399.5974533103558,51508500
2021-06-16,396.48834228515625,399.08082228951355,394.4312994104029,398.85539921615816,80386100
2021-06-17,396.35693359375,397.34318840031926,393.86779111486715,396.0751546962154,90949700
2021-06-18,391.0098876953125,393.75217111287947,390.8025642358117,393.0548234577296,118676300
2021-06-21,396.6075439453125,396.79603026606236,391.9616466044744,392.78150745768414,72822000
2021-06-22,398.7279052734375,399.56663205540957,395.8725128032119,396.5981592907554,57700300
2021-06-23,398.247314453125,399.61373969091704,398.1625042322118,398.8033117406512,49445400
2021-06-24,400.6033020019531,401.02735316179115,400.1509520058126,400.4054114606954,45110300
2021-06-25,402.0260925292969,402.47844232848314,401.02717855352375,401.3570151513283,58129500
2021-06-28,402.8365783691406,403.00619877159266,401.34764023822356,402.5538776983873,53159600
2021-06-29,403.05340576171875,403.86383366669776,402.51624563364214,403.22302619406673,35970500
2021-06-30,403.39263916015625,404.0711496359645,402.5633453831712,402.59161545470596,64827900
2021-07-01,405.6260681152344,405.78628436268957,404.08999376429597,404.1559668520113,53441000
2021-07-02,408.7264404296875,409.0845471406086,405.7108322146403,406.7945852899978,57697700
2021-07-06,407.98193359375,408.99971353065246,405.23021785702485,408.7829571761898,68710400
2021-07-07,409.4238586425781,409.706588138466,406.6438721996936,408.6699708381631,63549500
2021-07-08,406.08782958984375,406.85115025329117,402.8837348812311,404.07113536169277,97595200
2021-07-09,410.4226989746094,410.72426554562935,405.88988250267164,407.6050100215051,76238600
2021-07-12,411.8928527832031,412.1473121921227,409.9044572663973,410.33794129336883,52889600
2021-07-13,410.48870849609375,412.6090501060507,410.2248449127692,411.10124587606435,52911300
2021-07-14,411.10125732421875,412.6844676272284,409.84791245826784,412.19441470242623,64130400
2021-07-15,409.6971130371094,410.4321636364202,407.78409489025074,409.7536531786738,55126400
2021-07-16,406.483642578125,410.93164949947175,406.0878615594616,410.8845422978607,75874700
2021-07-19,400.48065185546875,406.54954229073917,397.6535300536584,401.6303492052304,147987000
2021-07-20,406.2197570800781,407.501400747123,400.3487563752901,401.14978007232145,99608200
2021-07-21,409.5085754394531,409.6499545346313,406.172592469054,407.42593712872883,64724400
2021-07-22,410.3662109375,410.61123740243363,408.6982191605414,409.68770044604696,47878500
2021-07-23,414.5880432128906,414.92728406769214,411.61957069748223,412.3074853504877,63766600
2021-07-26,415.6057434082031,415.6151763504451,413.94718483492073,413.9942920281901,43719200
2021-07-27,413.71160888671875,414.58800978326263,410.8656210701545,414.5597397143087,67397100
2021-07-28,413.5419616699219,414.9272525731602,412.1095635711947,414.3429853060343,52472400
2021-07-29,415.257080078125,416.3408043812597,414.46548940212307,414.47492234460185,47435300
2021-07-30,413.2405090332031,414.70117750210306,412.5431325870059,412.67507877592726,68951200
2021-08-02,412.3734436035156,415.5209693765124,412.0153368747902,414.9649721562708,58783300
2021-08-03,415.72833251953125,415.85084575516265,410.9693547716872,413.1745067361262,58053900
2021-08-04,413.68341064453125,415.7000763509947,413.4478171093524,414.4372984535131,46732200
2021-08-05,416.3031311035156,416.3879413091103,414.53146345161576,414.8518671479637,38969700
2021-08-06,416.9910888671875,417.4151686980422,416.3408484646631,416.62357793822423,46930000
2021-08-09,416.6518249511719,417.28319943179935,415.8790713621011,416.9627957200079,41222600
2021-08-10,417.170166015625,417.8863795453643,416.4162782277763,417.10419292546993,43339300
2021-08-11,418.206787109375,418.30103027346,417.11362967573604,418.2444901268042,44034300
2021-08-12,419.4600524902344,419.60143158903793,417.1512535823725,418.0559245162748,38909400
2021-08-13,420.2234191894531,420.24225631588496,419.42239555203986,419.91241967001224,39470300
2021-08-16,421.21295166015625,421.3448690791862,417.3492121072332,418.9135565607182,73740000
2021-08-17,418.4517517089844,419.3187196688282,415.4455764007355,418.6402092503118,92673900
2021-08-18,413.871826171875,419.00777622060184,413.6268284762824,417.433998911538,89351900
2021-08-19,414.5126953125,415.7189618782176,410.9882250625996,411.1295754385891,92812200
2021-08-20,417.8108825683594,418.14071918836515,414.3712235516576,414.86127639017,72008700
2021-08-23,421.4862060546875,422.400309988542,417.8863304587678,419.50721489532515,54973000
2021-08-24,422.1553039550781,422.6924640652562,421.6370097316265,422.1553039550781,38744700
2021-08-25,423.0411682128906,423.559462473527,421.9668479154579,422.3438205693488,40529700
2021-08-26,420.5438537597656,422.9940032884355,420.4496106027459,422.75840977537314,57829600
2021-08-27,424.30389404296875,424.68083789165667,421.29771867840407,421.35425881775865,77235100
2021-08-30,426.1697998046875,426.961390505125,424.73737293430094,424.98239937454537,48357400
2021-08-31,425.53839111328125,426.41479201047923,424.9352867221564,426.07555118277867,59300200
2021-09-01,425.7644958496094,426.9990032979683,425.52890238604516,426.48070918171413,48721400
2021-09-02,427.074462890625,427.8848907026548,425.8682253562047,427.1969761084833,42501000
2021-09-03,426.97076416015625,427.48908707292264,425.5289332090637,425.93417585256316,47170500
2021-09-07,425.4441833496094,426.71639407724444,424.76567287880226,426.6221509198319,51671500
2021-09-08,424.9258728027344,425.64208626079466,422.99398880638046,424.9070356755649,56181900
2021-09-09,423.10711669921875,426.4902361306357,422.8620902402333,424.72800123617645,57970400
2021-09-10,419.77117919921875,425.4725317855964,419.648665947915,425.0484806375978,89948200
2021-09-13,420.84539794921875,423.0505785726506,418.5177328546844,422.7867149843986,83738600
2021-09-14,418.5743103027344,422.50399413510956,417.67904341772214,422.29667068589487,78197100
2021-09-15,422.0705261230469,422.5699832570641,417.8863827230255,418.99837728419965,78792200
2021-09-16,421.4013977050781,422.5227963160608,418.43289657344855,421.542748054448,77786700
2021-09-17,417.29656982421875,421.0497821361924,416.93731577730705,420.6243724894117,118425000
2021-09-20,410.3385009765625,412.7208816188772,405.44134193513526,411.13262785733406,166445500
2021-09-21,409.9508361816406,413.99711770891486,409.42141832581854,412.69247054595706,92526100
2021-09-22,413.9497375488281,416.00125291661595,410.0641864262637,412.2385786409359,102350100
2021-09-23,418.9792785644531,420.59592142801534,415.5947841917218,415.8311324506057,76396000
2021-09-24,419.66949462890625,420.38800268599357,417.11692147428283,417.3343722944831,62094800
2021-09-27,418.4688415527344,419.801820517325,417.7692309966468,418.6295422330679,61371100
2021-09-28,410.03594970703125,416.01084179881366,409.2985441473634,415.67994840064347,130436300
2021-09-29,410.7260437011719,413.1746083672385,410.15880207113577,411.4256253625887,82329200
2021-09-30,405.7060241699219,412.9193495615743,405.36566763843695,412.210304709682,140506000
2021-10-01,410.5274963378906,412.2197580892175,403.90031023159025,407.4455344069044,129240100
2021-10-04,405.2332763671875,410.2627452872103,403.07775259289957,409.35517606984524,128570000
2021-10-05,409.44976806640625,411.7092426318,405.94236765217715,406.745928727263,90682500
2021-10-06,411.1513671875,411.3593547799223,404.1932892793748,405.8288005346441,113032200
2021-10-07,414.7061462402344,417.56122305392176,414.27127348674344,414.45090048622825,72437500
2021-10-08,413.9497375488281,415.8689129080086,413.31634043765183,415.4812983417039,74557400
2021-10-11,410.952880859375,416.2187267344571,410.8866964258537,413.28800269717465,65233300
2021-10-12,409.94134521484375,412.2859304538344,409.1472184849697,411.87941835123945,71181200
2021-10-13,411.4161071777344,412.2385944482914,407.9748917576528,410.97177132625944,72974000
2021-10-14,418.33648681640625,418.4877531890268,414.63053281497906,415.1032294102518,70236800
2021-10-15,421.52239990234375,421.8911170450239,419.83960140616944,420.46356428916977,66260200
2021-10-18,422.7703857421875,423.1107134443068,419.06443171837196,419.726218496196,62213200
2021-10-19,426.031982421875,426.09813801544766,423.79137642429714,424.4059050519018,46996800
2021-10-20,427.7052917480469,428.0078244614232,426.38174719090983,426.49518974564904,49571600
2021-10-21,428.8209228515625,429.04780800028914,426.66542738532166,427.1003002040853,41305400
2021-10-22,428.37646484375,429.84184128149343,426.4194944400931,428.3859280059555,58845100
2021-10-25,430.673828125,431.0047214901793,427.6864112280733,429.4731892382675,45214500
2021-10-26,431.06146240234375,433.45330597221385,430.68331090396265,432.23376955376807,56075100
2021-10-27,429.1517639160156,432.1959309782803,429.0761163082587,431.5247099277596,72438000
2021-10-28,433.29254150390625,433.3681602520065,430.57926811728254,430.588702428854,51437900
2021-10-29,434.1717834472656,434.4648530017108,430.68328058191975,430.9763501363649,70162400
2021-11-01,434.9186706542969,435.54263359234545,433.1791507290293,435.1644532533275,48433600
2021-11-02,436.6770324707031,436.9890283255675,434.9564102409637,435.08877911299237,48908400
2021-11-03,439.3430480957031,439.7495601725243,435.6654553768784,436.10979125304044,52509800
2021-11-04,441.4134521484375,441.498534056894,439.59828488138334,439.94807567762854,52847100
2021-11-05,442.94500732421875,444.9492359865381,441.4229383527597,443.65405211613967,66390600
2021-11-08,443.32318115234375,444.55220949770364,442.6330626514163,444.0511523068338,50405200
2021-11-09,441.85791015625,443.9283237209884,440.4398202544354,443.6919754040193,51149100
2021-11-10,438.3031311035156,441.8578182839869,436.8094227453364,440.1560934449688,69429700
2021-11-11,438.4449768066406,439.88199287907327,438.42607932978063,439.8063452694138,34848500
2021-11-12,441.7538757324219,442.31165426530237,438.766429720723,439.7212860970853,53466700
2021-11-15,441.90509033203125,443.20973742775345,440.77063592135255,443.0490367571835,46980500
2021-11-16,443.654052734375,444.7979702552916,441.56474215624644,441.6403609063365,48857500
2021-11-17,442.576416015625,443.56906740138885,441.9524529998744,443.38944037331913,47858300
2021-11-18,444.07952880859375,444.3442377330162,440.8746322243383,443.61626655252275,50625600
2021-11-19,443.285400390625,445.2234447746228,442.916683219882,443.9660557499497,57315600
2021-11-22,442.0375061035156,447.68150466992637,441.82951844516293,445.17621845643487,72762000
2021-11-23,442.6235656738281,443.4838767945243,439.0878049687893,441.7065332793372,73206500
2021-11-24,443.8053283691406,443.92823408532615,439.7874077919434,440.6098951527455,61858800
2021-11-26,433.90704345703125,438.5678242063692,432.77256027189844,437.09301337636003,112669600
2021-11-29,439.2296142578125,441.0825765467772,436.51634083619484,438.72855709825706,86268800
2021-11-30,430.6832580566406,438.69073839079124,430.4374466298559,436.7715916421654,148559600
2021-12-01,425.8995666503906,439.2957987886865,425.70104218930726,436.431259017202,131939200
2021-12-02,432.4228210449219,434.00164029992874,425.71998707347524,426.1170648909681,127637800
2021-12-03,428.66021728515625,435.1644985673668,424.40594768818653,434.09622843683974,137331600
2021-12-06,433.7369384765625,435.627724807556,428.792521834615,431.22218919420794,98977500
2021-12-07,442.7087097167969,443.275951385461,433.6045689306223,439.0500427880223,95484700
2021-12-08,443.8809509277344,444.33474999497895,441.3378412207383,443.10575052479743,72238800
2021-12-09,440.8840637207031,443.9849518345426,440.68553925442296,442.58575970531854,61272600
2021-12-10,445.0343933105469,445.1856596872549,441.0353984711912,443.60686917300444,77159800
2021-12-13,441.0920104980469,444.8641192635489,440.80837529280876,444.5143284764157,87724700
2021-12-14,438.057373046875,440.3074134469163,435.11721408540126,437.8021272729205,97264100
2021-12-15,444.9020690917969,445.14785171796956,435.58047664690923,438.11415248302325,116899300
2021-12-16,440.9786682128906,447.0480763800699,439.4187463571933,446.7644699614581,116568600
2021-12-17,436.28533935546875,440.9055744108569,434.5681683996154,437.8791727919841,135511600
2021-12-20,431.6461181640625,432.04456202640097,428.00305808891443,431.17176093106195,107134800
2021-12-21,439.3116760253906,439.45397739110035,432.9078539962676,435.0898854770568,69806300
2021-12-22,443.704345703125,443.8181868258373,438.85639890949284,439.05564982671206,58890200
2021-12-23,446.465087890625,447.97354060106966,444.60561541738446,444.709960124174,56439700
2021-12-27,452.7834777832031,452.8309019257752,447.8027268094746,447.8501509520467,56808600
2021-12-28,452.41351318359375,454.2540217689277,451.6450566966984,453.2199263600497,47274600
2021-12-29,452.9921875,454.01678637028704,451.5121952693257,452.51783027343856,54503000
2021-12-30,451.7398986816406,454.4342443807081,451.27503784257567,453.4191129196159,55329000
2021-12-31,450.6014099121094,452.403961588004,450.3263035656478,451.24655774606043,65237400
2022-01-03,453.2103271484375,453.34316105553387,449.54830362943744,451.8726364314428,72668200
2022-01-04,453.0586242675781,455.3640226406569,451.1896554356825,454.64299031389396,71178700
2022-01-05,444.35888671875,453.4665513931178,444.2640094815494,452.6885985815279,104538900
2022-01-06,443.9414978027344,446.6738003942724,441.5602149693853,443.8940736552654,86858900
2022-01-07,442.186279296875,445.136796056588,440.82012828151994,443.950903088569,85111600
2022-01-10,441.63604736328125,441.8542331445937,433.18299862796505,438.97016222903324,119362000
2022-01-11,445.6585998535156,445.7534770862342,438.3534872211781,441.37042108781833,74303100
2022-01-12,446.8634948730469,448.93171449389314,444.8901814454831,447.40426908846183,67605400
2022-01-13,440.7063903808594,448.6281630526107,439.6722949449081,447.97354766478816,91173100
2022-01-14,440.8865661621094,441.237585864909,436.31375571179746,437.53760541957075,95890900
2022-01-18,433.0786437988281,436.3706840511693,431.95916771249045,436.1619657170668,109709100
2022-01-19,428.581787109375,436.038669386356,428.3066517901506,434.63459041749303,109357600
2022-01-20,423.83819580078125,435.2132732011315,421.7035882114097,430.47919718993734,122379700
2022-01-21,415.51800537109375,425.08103521175457,415.4895450929433,422.7092488576505,202271200
2022-01-24,417.2826232910156,417.79493727814895,399.18116158784653,409.87316463268377,251783900
2022-01-25,412.18798828125,417.16873938580625,405.24339122116197,410.85029736744434,167997300
2022-01-26,411.1538391113281,421.2671377897068,406.86563162091994,418.1173991265228,186391100
2022-01-27,409.1236572265625,418.9428587043433,407.4254790114483,415.7836519614338,149878300
2022-01-28,419.2843933105469,419.3318174555156,405.8790525228431,410.4897911886302,164457400
2022-01-31,426.8361511230469,427.1871708613704,417.2541287264487,418.61078353495793,152251400
2022-02-01,429.72021484375,430.3653337108521,424.01843182554586,427.56661454707444,123155400
2022-02-02,433.8945617675781,434.6250614750109,429.815072239759,432.13943423540405,117361000
2022-02-03,423.6958923339844,429.7391989359872,422.85152255004704,427.82280611029125,118024400
2022-02-04,425.688232421875,429.5589750673006,421.0679682188153,423.45874742706604,118454400
2022-02-07,424.3220520019531,427.8607385195709,422.98436109694677,426.4566596041501,84472900
2022-02-08,427.8133239746094,428.7430746184262,422.3866758127271,423.81924398935524,81012000
2022-02-09,434.07489013671875,434.3974496293544,431.6746433349978,431.8738652961167,92589900
2022-02-10,426.2763977050781,434.2360971482521,424.26512763702846,428.1927905344999,140103700
2022-02-11,417.8707275390625,428.44888708129014,416.42869210493336,426.3617328176136,153214600
2022-02-14,416.50457763671875,418.952276956094,413.0133156589304,417.3584437426426,123006300
2022-02-15,423.2215270996094,423.39228875410083,420.4512681327212,420.97307845806876,88482700
2022-02-16,423.6958923339844,425.0810073673593,419.2748793852308,421.16281193464056,84863600
2022-02-17,414.64520263671875,423.66748778834966,414.03804034525575,420.48928807346897,102259100
2022-02-18,411.9603271484375,416.1631256326664,409.6739216215225,414.9013190748919,132642900
2022-02-22,407.5392761230469,413.16514590282145,404.0195246428283,409.7403006112362,124391800
2022-02-23,400.3100891113281,411.0400476361501,399.7408546290032,410.47081315382513,132578000
2022-02-24,406.33441162109375,406.77084113993465,389.5801389116673,389.94062610412374,213942900
2022-02-25,415.2997741699219,415.38515500099464,405.91697382718445,407.57722420936005,121804500
2022-02-28,414.2373046875,415.72679371723024,408.61143345702527,409.87321127074597,145615000
2022-03-01,407.92828369140625,414.7495434726037,405.205448672507,412.7287768929972,137785900
2022-03-02,415.43255615234375,417.1686907386762,409.4366742875571,410.1956342149501,117726500
2022-03-03,413.3643798828125,418.4874323079745,411.5523317433492,417.8802700932544,105501700
2022-03-04,410.0059509277344,411.1443909360492,405.935957688273,409.60747810571974,113978200
2022-03-07,397.9193420410156,410.1292938292298,397.8529250730409,409.41775790728286,137896600
2022-03-08,394.90240478515625,405.3003074447001,393.8303527836148,398.09956797048136,164772700
2022-03-09,405.49005126953125,407.48235742821925,401.1354553676309,403.33647986584754,116990800
2022-03-10,403.6590270996094,404.56028843886276,398.8774982538694,400.8508115340742,93972700
2022-03-11,398.5265197753906,406.78031881925176,398.0142058222295,406.1636601649212,95636300
2022-03-14,395.61395263671875,402.7767356418395,394.4660161806034,399.3044659961506,95729200
2022-03-15,404.31365966796875,404.94928215145023,396.9611225027557,398.2418638792377,106219100
2022-03-16,413.27899169921875,413.3359122510712,403.01389421229476,407.8428763300329,144954800
2022-03-17,418.4494934082031,418.4494934082031,410.9736188383795,411.3530988315118,102676900
2022-03-18,423.03277587890625,423.35633746929875,416.0856549928605,416.82795018080077,106345500
2022-03-21,422.9089660644531,424.87888375435966,419.3782801696008,422.86136555296457,88349800
2022-03-22,427.85760498046875,428.79974082442425,424.30789617875917,424.30789617875917,74650400
2022-03-23,422.34747314453125,426.81076907660247,422.2618270720981,425.3071562898667,79426100
2022-03-24,428.714111328125,428.7236372396159,423.2611078478265,424.3840617920597,64736900
2022-03-25,430.80780029296875,431.0837903582013,426.75371156457226,429.3517588407497,77101300
2022-03-28,433.87213134765625,433.87213134765625,428.3049040524854,430.20822763767796,68529800
2022-03-29,439.239501953125,439.7343846872886,435.0807444413124,437.7834605284014,86581500
2022-03-30,436.52728271484375,438.9064372335808,434.4050664288614,438.0879929770802,79666900
2022-03-31,429.8084716796875,436.5842978253565,429.35166364290683,435.75635685564805,121699900
2022-04-01,431.02667236328125,431.54054882132033,427.42939194494187,431.3978053607539,89048800
2022-04-04,434.7191162109375,434.8238141152283,430.398592374675,431.22653352738575,59601000
2022-04-05,429.2280578613281,435.6993470477597,428.0765551149529,433.21552347387393,74214500
2022-04-06,424.93597412109375,427.2294823155556,422.0334175373997,425.28811334761804,106898000
2022-04-07,427.0772399902344,428.90444335840795,422.0905416332628,424.05096254653387,78097200
2022-04-08,425.9352111816406,428.84729350397276,424.38399804709985,426.31587003273074,79272700
2022-04-11,418.65509033203125,423.4895197109682,418.1507107174429,422.6425267311873,89770500
2022-04-12,417.1038818359375,424.2032711300402,415.54314245608697,421.66232120293745,84363600
2022-04-13,421.8811950683594,422.6425129001169,416.6756038010192,416.85642186848395,74070400
2022-04-14,416.6280517578125,423.23258735689495,416.52335385167515,422.1096042954213,97869500
2022-04-18,416.79931640625,418.49327323513575,414.55337947398505,415.6953852419046,66002500
2022-04-19,423.5275573730469,424.2508005610737,416.5233117244911,416.69460387093864,77821000
2022-04-20,423.2135009765625,425.93526876250127,422.04297557728086,425.31669441555556,65224400
2022-04-21,416.88494873046875,428.2573183922075,415.971361571718,426.85837444173967,85417300
2022-04-22,405.4459533691406,416.90393917313156,404.87495054830686,415.7905112627951,132471800
2022-04-25,407.7966613769531,407.9679535535257,398.59407776996284,403.1906211382478,119647700
2022-04-26,395.9864501953125,405.4459700798808,395.95790150521464,405.2461002067848,103996300
2022-04-27,397.09991455078125,402.47682703216395,394.9491786006419,397.07136585806654,122030000
2022-04-28,407.13043212890625,408.8719894857778,397.4139732876912,401.8772694508292,105449100
2022-04-29,392.0846252441406,405.28416853943315,391.33280435997716,403.11438099832225,145491100
2022-05-02,394.44482421875,395.8152196414952,385.44208197496783,392.15131561599463,158312500
2022-05-03,396.2529602050781,398.6796862716554,393.3789228711486,394.949188135608,100028200
2022-05-04,408.3199768066406,408.89097964928595,393.7119635408191,396.9190589025828,144247900
2022-05-05,393.8072204589844,404.45631976634337,389.6484624766443,404.0280602813886,172929100
2022-05-06,391.4565734863281,394.7493152847315,386.1177645628525,391.22818394080616,151770800
2022-05-09,378.92315673828125,386.76483995350577,377.3338689001923,385.518165433874,155586100
2022-05-10,379.7987060546875,386.45081277425265,375.7351206049353,384.9376739902595,132497200
2022-05-11,373.7651672363281,384.5094369547044,373.01334629193383,378.82801491865814,142361000
2022-05-12,373.37493896484375,376.6676802362335,366.53248918206623,370.5485026217325,125090800
2022-05-13,382.30157470703125,383.69099278588993,376.4869060792322,377.5337398547064,104174400
2022-05-16,380.7503967285156,384.44284945655585,378.38076794932533,380.64572786244787,78622400
2022-05-17,388.5825500488281,388.8204654969317,383.1199916115285,386.8790673085307,83029700
2022-05-18,372.9182434082031,384.28108958588604,371.67156855830353,383.9956026135496,117674500
2022-05-19,370.6341552734375,375.087954074311,368.397744483693,369.83476293543714,98510700
2022-05-20,370.7959899902344,377.8382814677449,362.1453877550972,374.24100104281246,131432200
2022-05-23,377.7336120605469,378.50445579030895,371.5097357957892,373.841289765687,76414900
2022-05-24,374.8501281738281,376.04920244599083,368.2550889860566,373.58440155456793,91448800
2022-05-25,378.1618347167969,380.14130747166763,372.94674677926,373.3464284608313,91472900
2022-05-26,385.718017578125,387.3644028438583,379.18963198103114,379.3989987255613,82168300
2022-05-27,395.1870422363281,395.30123699221343,387.99248219145227,388.1923230142516,84768700
2022-05-31,392.9697265625,396.32909178098976,390.2099129651642,393.55975227144035,95937000
2022-06-01,389.7911376953125,396.11968260547474,387.2597139227652,395.10142659215165,86585800
2022-06-02,397.214111328125,397.261682798607,387.3644064181707,389.62936602742064,79609600
2022-06-03,390.6951904296875,394.0260062772111,389.7149800705412,392.4652671968721,71874300
2022-06-06,391.884765625,396.4717527834857,390.70468541016817,394.73022471313925,57508900
2022-06-07,395.6438293457031,396.1006374209903,387.9068150098394,388.3731489957817,59272400
2022-06-08,391.3423767089844,395.7200269110218,390.542984261338,393.9213721220069,64350000
2022-06-09,382.03509521484375,391.83719962214656,382.03509521484375,389.5532172307996,86289800
2022-06-10,370.9577331542969,376.64868079204865,370.91016168445134,375.7921910379498,132893900
2022-06-13,356.8731689453125,363.35398336996633,355.25533229579526,361.4887344054878,170004900
2022-06-14,355.79779052734375,359.6710610018392,352.6763410025152,358.63375313073595,104011800
2022-06-15,360.8702087402344,365.3430023023354,354.13242613778704,359.119125264377,125666800
2022-06-16,348.9267883300781,353.00942552742333,346.48101056776454,352.60021792926864,134473300
2022-06-17,349.67901611328125,353.04335497423716,346.1522413812209,349.3445189737903,111113900
2022-06-21,358.48162841796875,359.87704821713254,355.3658004748682,355.4422786152375,76811900
2022-06-22,357.8317565917969,361.9702395655686,353.80793250775906,354.2284748308788,90059400
2022-06-23,361.3394470214844,362.0753815456592,356.39811819026664,359.98226603738334,79292100
2022-06-24,372.8277893066406,372.8373563670331,364.5030175396714,364.5316895529819,98050300
2022-06-27,371.4037170410156,374.0511969698246,370.3045842487309,373.7549097606314,66009600
2022-06-28,363.8149108886719,375.7716379636104,363.7002228194044,372.97123065680324,86548900
2022-06-29,363.5185852050781,365.36321951572495,361.6835179551487,364.3692369086249,65676000
2022-06-30,360.56524658203125,363.824434948563,356.08267034145877,359.5999068333425,112508300
2022-07-01,364.3787841796875,364.81846063385325,357.26783277548964,359.9057748290088,74839700
2022-07-05,365.06695556640625,365.0860896890599,356.40765668655513,359.2558700143146,81438000
2022-07-06,366.2998352050781,368.80395465625594,362.8112711795549,365.21024048138855,70426200
2022-07-07,371.7860412597656,372.5888868881297,366.31901983701664,368.0872052988535,64525900
2022-07-08,371.4802551269531,373.3631288521814,368.60336944748485,370.14214977137595,72397800
2022-07-11,367.2365417480469,369.75976641755614,366.5388172018329,368.7848887992246,58366900
2022-07-12,363.98687744140625,369.081161887606,362.22825930431964,366.68216325527555,62219200
2022-07-13,362.0753479003906,365.0287111197037,358.08979219875533,358.5103345071684,84224600
2022-07-14,361.196044921875,362.28561057335287,354.62989149668186,357.0862050345725,89704800
2022-07-15,368.0967712402344,368.21145930567025,363.7097777300919,365.6308611618828,79060400
2022-07-18,365.0574035644531,371.8816056458765,363.82444858360634,371.2030151789039,63203600
2022-07-19,374.9209289550781,375.49439838177176,368.34523758830653,369.0046938859575,78506000
2022-07-20,377.3103942871094,378.73451550468235,373.7358135711647,375.1121286509885,71843800
2022-07-21,381.152587890625,381.2003648565588,374.30925213335036,376.72735580051005,64903900
2022-07-22,377.6162414550781,382.4811211127513,375.37973678443797,381.27686731647964,72197300
2022-07-25,378.07501220703125,378.93520179951645,375.81937347807474,378.2470442919547,53631500
2022-07-26,373.60205078125,376.6318342799179,372.7036219990141,376.42156309326964,52946400
2022-07-27,383.3030700683594,385.0616882366238,376.6221994395501,376.9184866263418,82342100
2022-07-28,388.1106262207031,388.8083216223466,380.5408936236829,384.1155033459912,73966600
2022-07-29,393.7687683105469,394.7627800425634,388.7796338655899,389.5538073856809,87003700
2022-08-01,392.6027526855469,395.1260066861507,390.3375759887455,391.05440553420766,69997500
2022-08-02,390.01263427734375,394.7341540955972,388.8274853760052,391.0257510803338,63435400
2022-08-03,396.1199645996094,397.2955462267999,391.8667648746773,392.15348498670795,67820600
2022-08-04,395.8524475097656,396.7317421830775,394.19895000643595,396.04358457585107,45656600
2022-08-05,395.1833190917969,395.83323749405093,391.4844836000707,391.54182762568917,56814900
2022-08-08,394.724609375,399.1498422183804,393.6159093986644,396.8846652916428,53886100
2022-08-09,393.15716552734375,394.49524167643915,392.07713754590054,393.98868323542905,44931800
2022-08-10,401.4149475097656,401.55833674211965,398.2895814324739,400.25847076574513,68665700
2022-08-11,401.4149475097656,406.1556008731708,400.66944600656456,404.28226547098006,59489700
2022-08-12,408.2104797363281,408.31560072083687,402.4089331045966,403.3647056962678,61694500
2022-08-15,409.8926696777344,410.4183621680162,405.92621877189424,405.9835628009623,54048300
2022-08-16,410.69549560546875,412.635712805975,408.0002098881552,408.8126224272147,59289000
2022-08-17,407.7803649902344,410.5043226739135,405.76369884915164,407.0731026155023,63563400
2022-08-18,408.9656066894531,409.65373505263557,406.68129586836983,407.98113277820636,49023200
2022-08-19,403.4698791503906,406.4518851417672,402.5905554814087,406.1842699673582,68016900
2022-08-22,395.06866455078125,398.7770674172841,394.16066878836006,398.6050061579676,77695600
2022-08-23,394.1128234863281,397.04705226470196,393.55845906395615,394.6384867305661,49105200
2022-08-24,395.37451171875,396.75079759346136,393.1953510959766,393.88347944939807,49177800
2022-08-25,400.9561767578125,401.00395372114286,395.775876380297,396.87500904768393,50942300
2022-08-26,387.38421630859375,401.3862800097114,387.32687228215406,400.8415117585344,103087000
2022-08-29,384.82281494140625,387.8908375246724,383.45606680995513,384.411839629354,65370800
2022-08-30,380.59820556640625,386.22772027989646,378.4859562502946,385.98877712569805,85652400
2022-08-31,377.7022399902344,383.4942200869952,377.5684469825705,382.24216021191813,76029700
2022-09-01,378.8874206542969,379.2314848203502,372.78958625661124,375.5135442426701,78740100
2022-09-02,374.8922424316406,383.8000502336139,373.06671323072214,382.57666244902407,99632100
2022-09-06,373.47772216796875,376.6891042036381,371.2412177142992,375.7428986338187,76637400
2022-09-07,380.1872863769531,380.9614599772315,372.94254170772115,373.16235077454724,70964200
2022-09-08,382.6722412109375,383.13099339504765,376.6890953550019,377.90294523381226,80821700
2022-09-09,388.6171569824219,389.4869135753977,384.6602442957758,384.92785946531717,76706900
2022-09-12,392.7939147949219,393.52031139378676,390.3949159407844,390.7007702106084,69256300
2022-09-13,375.7142639160156,385.27199116308867,374.5864591011495,384.05814113527435,122947100
2022-09-14,377.14794921875,378.67719151815356,373.8218494051375,377.023694089042,85023700
2022-09-15,372.8659973144531,378.4477057274921,371.585265546846,375.58038796387086,87633800
2022-09-16,370.0215148925781,370.68370949332876,366.7105418888251,368.6587588212413,103084800
2022-09-19,372.8909912109375,372.8909912109375,366.777713980512,366.8545062926547,73278500
2022-09-20,368.6107177734375,370.5589052145328,365.8372034018401,369.54162680416874,77274900
2022-09-21,362.1808166503906,373.62041223396966,362.1712102884101,370.54936374448204,106746600
2022-09-22,359.1385192871094,363.0540778662741,358.38995532545937,361.4033946062657,89472600
2022-09-23,353.1212158203125,355.6835954375833,348.6490155096755,355.6451992816999,122346900
2022-09-26,349.6278991699219,355.29011674552225,348.39948576610453,351.6432726901012,92581200
2022-09-27,348.73541259765625,355.47248874994307,346.32655883719224,353.18840054024724,108294100
2022-09-28,355.5971984863281,357.29585483449654,347.9867939608782,349.69505666919423,110802200
2022-09-29,348.16912841796875,352.3150048868012,345.2036627038134,352.02710696802205,112952300
2022-09-30,342.7852478027344,351.16342978557975,342.65090518565324,347.21905205707867,153711200
2022-10-03,351.83514404296875,353.6969619576154,344.73337916335163,346.52801113657625,89756500
2022-10-04,362.7373352050781,362.76612499587213,351.79677538813576,357.39180617543406,103602800
2022-10-05,361.8928527832031,364.16733447821133,356.0003167977901,358.34198444448964,88065700
2022-10-06,358.1596374511719,363.45716478022894,357.66057528426956,360.4820923637906,82333500
2022-10-07,348.16912841796875,358.2459656027944,346.39367981834397,354.10005984627946,107789500
2022-10-10,345.5107421875,349.53188239491976,343.2554734979914,349.2919577013395,76042800
2022-10-11,343.3226623535156,348.3994775463755,341.37447483043223,343.80251178568085,92482800
2022-10-12,342.1902160644531,345.3188436550682,341.94068499398173,343.73534642652606,76991800
2022-10-13,351.2210388183594,352.69898345625995,334.0807997114686,335.1364744528262,147254500
2022-10-14,343.2170715332031,355.33807153360686,342.5740604787189,353.69696557018295,123737000
2022-10-17,352.0367431640625,353.14999735716447,342.8812078310532,349.339991708104,93168200
2022-10-18,356.17303466796875,360.3189406799084,352.70850663090704,360.0118300225015,97162900
2022-10-19,353.6490478515625,356.8640450532049,350.81792435585805,354.11929094476,79746900
2022-10-20,350.6835632324219,357.65098631388133,349.91578657337567,353.1979695544679,88283100
2022-10-21,359.2056884765625,359.6951149713161,348.8889259048477,350.4052371915977,131038400
2022-10-24,363.6011047363281,364.7431487300743,358.07322989518246,360.7412208592873,85436900
2022-10-25,369.40728759765625,369.7239753258904,363.4091698928235,363.5243290667268,78846300
2022-10-26,366.6240539550781,371.95997590558903,365.9810722848354,366.24018036703626,104087300
2022-10-27,364.6664123535156,369.48409047010387,364.0425846147799,367.63187855211686,81971800
2022-10-28,373.3420715332031,373.821921003766,364.3784869376104,364.56083207943925,100302000
2022-10-31,370.6452941894531,372.74703706801625,369.73359783111874,370.86603547419617,96631300
2022-11-01,369.0233459472656,374.65680210670706,367.84293525082256,374.4168774236667,85407600
2022-11-02,359.7623596191406,372.967827237631,359.6568067871801,368.42844042185266,126990400
2022-11-03,356.0578918457031,359.1193336245578,353.92735915458303,356.499345131197,87100100
2022-11-04,361.1826477050781,363.60107812725107,355.0885544933981,361.8064460648948,103505200
2022-11-07,364.6375732421875,365.232581816184,360.39569163090664,362.48782800001794,68286900
2022-11-08,366.6049499511719,369.599205589351,362.49744016511113,365.75080394162677,84641100
2022-11-09,359.0521240234375,365.77962212015143,358.55306189318287,364.61836546143104,78495500
2022-11-10,378.7835693359375,379.1194698157038,370.09830581909364,372.41115444470535,141455800
2022-11-11,382.44964599609375,383.2557896165594,377.74709761184465,379.6473121164563,93839900
2022-11-14,379.1961975097656,384.05227125277725,378.91787664815723,380.6741419104121,71903500
2022-11-15,382.4303894042969,386.0964460790681,378.5915939637452,384.9831918867859,93194500
2022-11-16,379.51287841796875,381.7489635954116,378.87947373509724,380.7892648554877,68508500
2022-11-17,378.3516845703125,379.0330918757376,374.41694251455505,374.72402390359406,74496300
2022-11-18,380.0695495605469,381.77781241020716,377.20005925659984,381.71062645898184,92922500
2022-11-21,378.6875915527344,379.8680317623669,376.83537967486365,378.7355940711214,51243200
2022-11-22,383.7835693359375,383.9467310291778,379.2249997381155,380.6453645984772,60429000
2022-11-23,386.2020568847656,386.69148342418305,383.21737797832736,383.44769634981793,68261600
2022-11-25,386.1156311035156,386.6722728457926,385.3574900880163,385.63578167146966,30545400
2022-11-28,379.9544372558594,384.65695653113585,379.18666047788827,383.00627306810975,67881600
2022-11-29,379.30181884765625,381.28837337516256,377.4495776531365,380.0887497120294,52310000
2022-11-30,391.2500305175781,391.2500305175781,377.62232405868906,379.55129888273314,144566700
2022-12-01,390.9621276855469,393.47653402180293,388.43811498859696,392.2960938761709,76398200
2022-12-02,390.5110778808594,391.4227742514983,385.93332473042165,386.03887754997197,85342700
2022-12-05,383.48602294921875,388.6108107991364,382.1232671148329,387.6703247610148,77289800
2022-12-06,377.9581604003906,383.8699084428757,375.8564470015134,383.32290239292064,77972200
2022-12-07,377.3151550292969,379.695218415869,376.17311120112987,377.10402013784545,65927900
2022-12-08,380.2710876464844,381.34594574225537,377.42078070538,379.2154422730792,60737900
2022-12-09,377.4303894042969,381.5954791950506,377.3056238588924,379.02349312314146,81447700
2022-12-12,382.87188720703125,382.87188720703125,377.55514710968646,378.2269187659114,75405800
2022-12-13,385.7701416015625,393.94676512636966,382.98702083958256,393.6876569846706,123782500
2022-12-14,383.3037109375,389.1578797205495,380.3382450356559,385.42463717389643,108111300
2022-12-15,373.9274597167969,379.32096245389425,372.25759312511184,378.4092368505697,117705900
2022-12-16,369.5128173828125,372.7040052098421,367.3628802905893,371.35426298155033,119858000
2022-12-19,366.3794860839844,370.0431058828834,364.70195135872933,369.70566295872266,79878100
2022-12-20,366.8808288574219,368.5101700109185,364.2873819052728,365.61785261496107,74427200
2022-12-21,372.36663818359375,373.50427610209687,368.9536950059068,369.49359196459227,78167400
2022-12-22,367.05438232421875,372.34731405353006,361.31794071760254,369.3007360208056,100120900
2022-12-23,369.165771484375,369.3103814762374,364.4609302679499,366.02277702441427,59857300
2022-12-27,367.7099914550781,369.39717681256144,366.02280609759475,369.0501128045245,51638200
2022-12-28,363.1400451660156,369.6284869166172,362.90866922032717,367.6424021681675,70911500
2022-12-29,369.6767272949219,370.5540670964372,365.4732107416271,366.00348658061273,66970900
2022-12-30,368.70294189453125,368.84755186749146,364.84651903067794,366.9772138469204,84022200
2023-01-03,367.1507568359375,372.55937594221024,364.26806065159514,370.5733204614803,74850700
2023-01-04,369.9852600097656,372.0291596467577,366.3602127005797,369.4260621560679,85934100
2023-01-05,365.7624816894531,368.134173839708,365.1647407706404,368.0184858453798,76970500
2023-01-06,374.1501770019531,375.27819376712574,365.79139594475265,368.8765169428409,104189600
2023-01-09,373.9380798339844,379.5684838740749,373.7549267913876,376.3579949259514,73978100
2023-01-10,376.5604248046875,376.6279192710031,372.4051312224063,373.3499654843039,65358100
2023-01-11,381.3230895996094,381.40023453480234,377.33170715744893,378.15120291638493,68881100
2023-01-12,382.7114562988281,384.1865370968042,378.3344368515017,382.43188678167706,90157700
2023-01-13,384.1961669921875,384.7746363651928,379.2213774598209,379.4913259109335,63903900
2023-01-17,383.49237060546875,385.8640921633841,382.80786369509906,384.1769069380138,62677300
2023-01-18,377.4377746582031,385.7580125174345,377.235320676035,384.6878691895141,99632300
2023-01-19,374.6900939941406,377.042485088787,373.359623276345,375.38422192811305,86958900
2023-01-20,381.670166015625,381.824426456989,374.43937332639956,376.0976362933487,91806400
2023-01-23,386.249755859375,388.19723920775175,381.5159923053618,382.48009821643143,84178800
2023-01-24,385.83514404296875,386.7510268785712,383.36703560558396,384.56251735495596,59524900
2023-01-25,385.9797668457031,386.31720976357485,379.43348015881935,381.73770716693184,84800300
2023-01-26,390.22186279296875,390.3857737416292,385.67128177078746,388.6600159434458,72287400
2023-01-27,391.1184387207031,393.5094317262617,388.9588511170854,389.170955572596,68346200
2023-01-30,386.211181640625,390.5882306953244,385.91231116331727,388.34184745625726,74202000
2023-01-31,391.88970947265625,391.9379029905027,386.3846445458055,386.73173790968514,86811800
2023-02-01,396.0546569824219,398.8216653857442,387.9079805000196,390.6653090079228,101459200
2023-02-02,401.8200378417969,403.2951186258931,398.0600308845101,399.9689416508841,101654500
2023-02-03,397.5490417480469,402.003205939953,396.3342589967362,396.8163119079325,94736800
2023-02-06,395.1194763183594,396.5270920032783,393.45159207550404,395.08093326942236,60295300
2023-02-07,400.287109375,401.5404352084988,392.94062752096966,394.1939533544685,90990700
2023-02-08,395.9100341796875,399.6507693278752,395.2158768385581,398.3010271151718,76227500
2023-02-09,392.4778137207031,399.68933546019633,391.2437595140588,399.5350750065941,78694900
2023-02-10,393.3937683105469,393.77940477497185,390.4725286948175,391.29199514840457,70769700
2023-02-13,398.01177978515625,398.1467687182115,393.58653774588544,394.0493191164229,64913500
2023-02-14,397.82867431640625,400.1521436533387,393.84691222566613,396.47890251317574,88389300
2023-02-15,399.12054443359375,399.19765995468856,394.77241769972466,395.620835542643,61555700
2023-02-16,393.6251220703125,398.0889367137734,393.49016255536645,394.1168254524312,76431500
2023-02-17,392.6417541503906,392.8827806105974,389.546953217369,391.4848153725278,89257800
2023-02-21,384.7649841308594,389.6530076482285,384.5046861541769,388.59248537293524,82655900
2023-02-22,384.2347717285156,386.7318024665348,382.7693119375524,385.1795766756609,83742300
2023-02-23,386.2785949707031,387.76332599336087,382.02688528457264,387.1462842200383,96242400
2023-02-24,382.1522216796875,382.99098893027565,379.5105814795048,381.22668844684927,108194400
2023-02-27,383.45379638671875,386.8860105552823,382.50896214532895,385.51696742365004,80444700
2023-02-28,382.03656005859375,384.94814887847076,381.930493124857,382.9717438280315,96438600
2023-03-01,380.5711364746094,382.4511546641235,379.25996663208684,381.2171003443828,99706800
2023-03-02,383.5309143066406,384.37933209244466,378.24760409097087,378.5850469951666,85127800
2023-03-03,389.6819152832031,389.9325921996263,384.7071259569614,385.36271082218923,90120000
2023-03-06,389.951904296875,392.82495039531767,389.508423832745,390.5110727584148,72795900
2023-03-07,383.9743957519531,390.14469623900044,383.35738335655236,389.90366979566807,108310600
2023-03-08,384.6011047363281,385.3627271463526,382.35472171054704,384.0901298311711,74746600
2023-03-09,377.5052795410156,387.0692223989096,376.5122517048481,385.3916582338548,111945300
2023-03-10,372.05804443359375,379.04781095051806,370.5251198591634,376.9556885783175,189253000
2023-03-13,371.5278015136719,376.37728199232726,366.98687137828966,368.1052376506418,157790000
2023-03-14,377.6692199707031,379.3274833182981,373.15718193606165,376.4833591054805,149752400
2023-03-15,375.30712890625,375.5095828991275,369.9370521918167,372.03882533252363,172996900
2023-03-16,381.8919372558594,382.2390306460625,372.42444058781354,372.935415488861,143254200
2023-03-17,377.4266357421875,381.69457309309325,376.0330223404849,380.5525933577855,140553400
2023-03-20,381.0557861328125,381.471956270632,377.5040305133461,378.21049490172476,93055800
2023-03-21,386.05926513671875,386.5431578212749,382.8365233182741,384.44305057513634,91524200
2023-03-22,379.4783020019531,389.52391872903036,379.43961185250384,385.88506587163084,111746600
2023-03-23,380.504150390625,386.42699156093266,377.7749888209459,382.36228158334836,119351300
2023-03-24,383.0010681152344,383.08816525620364,376.85562498147635,379.2170236959738,107682400
2023-03-27,383.7171630859375,386.0689036820562,382.8171298946064,385.294657763872,74010400
2023-03-28,382.85589599609375,383.717209612336,381.0074224062795,383.0204029687121,62871700
2023-03-29,388.420654296875,388.6626006332335,385.83665442940134,387.046386111194,77497900
2023-03-30,390.6949157714844,391.3239702747295,388.8174100307786,391.07233665964674,69840000
2023-03-31,396.2016296386719,396.50164071247474,391.5175228968931,391.6239946355286,112062600
2023-04-03,397.71136474609375,398.11781801633754,395.2822142904178,395.67900979148783,67391100
2023-04-04,395.50482177734375,398.65012392465593,394.1208663863346,398.3597706211495,66601500
2023-04-05,394.46929931640625,395.5338690671422,392.80470739738206,394.76931040055035,65200200
2023-04-06,396.008056640625,396.28872263832403,392.61112089492866,393.6660032941517,63743300
2023-04-10,396.4145812988281,396.492020673603,392.89185764273725,393.51122496859665,63681000
2023-04-11,396.52099609375,397.9339543685014,395.74677966402794,397.0436084277674,59297900
2023-04-12,394.9048156738281,398.89211628047354,394.31448076382014,398.6017629434569,86420400
2023-04-13,400.15020751953125,400.5082833714351,394.8467331999566,395.9984001225183,85814800
2023-04-14,399.1727600097656,401.7180403512791,396.8500809438844,399.5114908085219,78161500
2023-04-17,400.6050720214844,400.6244170961677,397.8468778541493,399.08564192658326,66436400
2023-04-18,400.8663330078125,402.32769823327624,399.4824071441347,402.19219411738237,63560000
2023-04-19,400.79864501953125,401.70833609042796,398.8824193654665,398.9404841245776,55227300
2023-04-20,398.6114196777344,400.37279603669873,397.05326996496933,397.96299052247997,75840400
2023-04-21,398.9211120605469,399.38563010200903,396.95650908496054,398.91142475652856,73457400
2023-04-24,399.3372497558594,399.7630776470883,397.3726467945154,398.71785299244885,64332100
2023-04-25,392.9981994628906,397.91456479869873,392.9401347138776,397.3532328456261,97766700
2023-04-26,391.3336486816406,394.7015521490125,390.77234620431034,393.6176373414345,80447000
2023-04-27,399.1243591308594,399.3953378470688,393.637003209537,393.88863685118326,92968400
2023-04-28,402.5308837890625,402.54057109191274,398.17585046867686,398.2339152168586,89433100
2023-05-01,402.1244812011719,404.1664940165015,401.89219264472746,402.08576151935387,62122300
2023-05-02,397.60498046875,401.4567772864652,394.6822789705996,401.4083702920991,103998500
2023-05-03,394.8757629394531,400.53731307308834,394.6338166049769,398.10816242391894,91531800
2023-05-04,392.0788269042969,394.1498718960492,390.73359128567904,393.8208284687413,94901900
2023-05-05,399.3372497558594,400.39213217998366,395.47579589188126,395.7370872883095,87891800
2023-05-08,399.44366455078125,399.9275571635663,398.030706391098,399.6662657850684,50046800
2023-05-09,397.6920166015625,398.81465112294546,397.45975757453994,397.88558548039083,49220100
2023-05-10,399.5501708984375,401.18573043410413,395.69837473456306,400.5469885857553,96142900
2023-05-11,398.85333251953125,399.14365627544123,396.76291287359527,398.6791382659853,70157100
2023-05-12,398.33074951171875,400.3147271045136,395.89194117937734,400.1018131563713,70481500
2023-05-15,399.70501708984375,400.11147037744496,397.0145751312598,398.94045843149956,54289400
2023-05-16,397.033935546875,399.52115095776804,397.0242482424509,398.59205576699367,57705500
2023-05-17,401.8535461425781,402.4632261414949,397.41141465795494,399.06631943823413,87287000
2023-05-18,405.7246398925781,406.1504677851743,401.31154130972925,401.53411302554315,97177200
2023-05-19,405.13427734375,407.16663237955544,403.9052006458144,406.6343622786256,103793300
2023-05-22,405.2988586425781,406.8473211998134,403.90524529451307,405.15369673850194,60745400
2023-05-23,400.75018310546875,405.231033454368,400.35338761628196,403.6438514976209,86383500
2023-05-24,397.8468933105469,399.5211726713563,396.6758812557085,399.1340644213937,89213700
2023-05-25,401.2921142578125,402.7534793134427,399.12428493115004,401.37921137885235,90961600
2023-05-26,406.4892272949219,407.21506637031234,401.87290140784694,401.9503112473895,93830000
2023-05-30,406.6440124511719,408.9666912196438,405.25039928319615,408.43442112865796,72216000
2023-05-31,404.38909912109375,405.71496027497034,402.8116043346985,404.8052397175947,110811800
2023-06-01,408.2312316894531,409.2958015028972,403.3632724617854,404.6213816284684,88865000
2023-06-02,414.1347351074219,414.9282966772401,410.2926259460805,410.82489609425363,91426200
2023-06-05,413.34112548828125,415.77993391779177,412.6346315561914,414.48310510360614,65460200
2023-06-06,414.24114990234375,414.77342001528297,412.26685957720514,412.9249760418941,64022200
2023-06-07,412.8088073730469,415.7799153285168,412.3829794788346,414.6379357642491,85373300
2023-06-08,415.3057556152344,415.76061593700916,412.1023882871172,412.87660479740896,61952800
2023-06-09,416.0509033203125,418.07357109575076,415.0540856217096,416.10896807677756,85742800
2023-06-12,419.8252868652344,419.90272623508935,416.3122507377984,417.0380897742421,76104300
2023-06-13,422.5931396484375,423.241539270888,420.6285366382443,421.2963108690726,95899700
2023-06-14,423.09637451171875,424.9158156190619,419.62202879480867,422.9318675484063,100612100
2023-06-15,428.341796875,429.59990600169886,422.1770089921392,422.2737638984509,110303100
2023-06-16,426.8827819824219,430.91400433300623,426.40681511749375,430.34089350841384,114165800
2023-06-20,424.6679992675781,425.8239441058185,422.5795377145476,424.9302909003614,76160400
2023-06-21,422.49212646484375,424.4834441109943,421.899569099957,423.6772115504447,76982300
2023-06-22,424.0172119140625,424.12404951475344,421.190491765927,421.5304807898792,70637200
2023-06-23,420.81158447265625,422.6086436704131,420.0927726512213,420.5395992177212,92074500
2023-06-26,419.09234619140625,422.17160534143017,418.8495011006521,420.2385679051635,72823600
2023-06-27,423.6869201660156,424.3085880868065,419.51969075563113,419.9762406410968,72813700
2023-06-28,423.900634765625,424.9205721541883,421.97729122939955,422.5989591645144,75636000
2023-06-29,425.5713806152344,425.73652829865455,423.0749559403356,423.48291903838407,67882300
2023-06-30,430.59344482421875,431.58424202754236,428.48553659525265,428.8061086850334,104964000
2023-07-03,431.0888671875,431.37054612778695,429.9620624938304,430.2437710782913,32793400
2023-07-05,430.4477233886719,431.18598184502025,429.252915041293,429.2626383296677,58418400
2023-07-06,427.0770263671875,427.50443603080225,424.55143189423796,426.84390460309635,80658300
2023-07-07,425.9988098144531,429.9717812453892,425.7559647445226,426.0765368375681,86134200
2023-07-10,427.0770263671875,427.2518676902559,425.0662622193869,425.6393729855586,62443500
2023-07-11,429.796875,430.2922883881444,426.86331746784447,427.8444209559984,64463800
2023-07-12,433.25506591796875,434.67330261494664,432.1768479266122,433.61450155926417,91924500
2023-07-13,436.69366455078125,437.4902034005816,434.64406663209144,435.08116991978426,72425200
2023-07-14,436.42169189453125,438.4421496523937,435.65429324174744,437.58735998371753,69815800
2023-07-17,437.93707275390625,438.99587367974635,436.2274340105894,436.27602081008126,52680200
2023-07-18,441.19122314453125,441.84203134821007,437.16969445221696,437.60682744718133,80668200
2023-07-19,442.17230224609375,443.3670809829132,441.11347168531273,441.9877376268143,65891700
2023-07-20,439.2386779785156,442.0751211172044,438.51986613914056,441.1717446740703,70591600
2023-07-21,439.2386779785156,441.1717446740703,439.2289843348553,440.96773349465013,71275600
2023-07-24,441.20086669921875,442.01682245074034,439.35522073773876,440.3946045909577,54023400
2023-07-25,442.4053955078125,443.6681778954392,440.8803214969706,440.9289082929075,55191200
2023-07-26,442.473388671875,443.91101234454237,440.4043441762982,441.46314499939,71052900
2023-07-27,439.5398864746094,446.2909917861178,438.6267865711893,445.8829989943909,92194400
2023-07-28,443.84307861328125,444.678451402353,439.53984155934154,442.8328348489528,80011800
2023-07-31,444.6881408691406,445.04754679264636,442.99791919803175,444.3190116577011,62040400
2023-08-01,443.4156494140625,444.1636015046727,442.4539628470819,443.2116382259376,55291500
2023-08-02,437.2474060058594,440.5403697086572,436.48973058045846,440.278107707463,93933400
2023-08-03,435.9942932128906,437.88849649445615,434.56636310757074,435.2172008966529,64276100
2023-08-04,434.0224304199219,439.9381329025484,433.4978767564068,437.8205309585227,100128900
2023-08-07,437.810791015625,437.9662154153534,435.1686355085883,435.8680304852796,58357500
2023-08-08,435.9068908691406,437.801094230308,432.52647689868775,435.2560530527077,71361300
2023-08-09,432.9927673339844,436.3440412158879,432.2253685990809,436.17889352198176,78789600
2023-08-10,433.1481628417969,438.77246268587845,431.9728010613545,435.36290858516065,93005500
2023-08-11,432.8956298828125,433.91559699637264,430.6614670240753,431.2637180741258,68690900
2023-08-14,435.28521728515625,435.28521728515625,431.66198769446675,431.9728365088401,47867400
2023-08-15,430.2146301269531,433.85730620818447,429.6414896699664,433.49787060039694,75707500
2023-08-16,427.0575866699219,431.46763124114295,426.9507194376292,429.7968561844862,80107200
2023-08-17,423.80352783203125,428.79640725854824,423.2789741592103,428.53414524422516,95711300
2023-08-18,424.0075378417969,425.04692196783276,420.61742978596806,420.96711249518944,98852000
2023-08-21,426.7662048339844,427.5141569709801,422.86126681527594,425.0274258479956,68719000
2023-08-22,425.6102600097656,428.55354104651144,425.0468724957572,428.55354104651144,64994200
2023-08-23,430.3506164550781,430.972314081095,426.5330989611241,426.6788000784173,68441000
2023-08-24,424.3863220214844,432.4779062769333,424.35715215624055,431.9630759418828,88517300
2023-08-25,427.378173828125,428.67009652943136,422.55041275410997,426.1250849933823,102325100
2023-08-28,430.08837890625,430.71004692345133,427.378219393752,429.58324214533684,61595400
2023-08-29,436.30517578125,436.58688436647253,429.7969159631644,429.9814805902922,83081900
2023-08-30,438.10223388671875,438.7433484351382,435.9360451690671,436.6451634523584,69053900
2023-08-31,437.4610595703125,439.87006338705424,437.27649496897567,438.72384191656135,66084600
2023-09-01,438.2770690917969,440.6861028481344,436.81027538892874,440.20041271014344,58944100
2023-09-05,436.38287353515625,438.15079278380387,436.3148994441883,437.8302503304079,55166200
2023-09-06,433.44927978515625,435.6737487730609,431.10824991477125,435.5668815346729,70758500
2023-09-07,432.1184997558594,432.798448128014,430.07859535105166,430.4282780034445,70355400
2023-09-08,432.7693176269531,434.3138086647215,431.80766066710197,432.1670666159687,61659700
2023-09-11,435.615478515625,435.92629766144836,433.6921349772212,435.4114673223435,60180100
2023-09-12,433.2258605957031,435.6931746876986,432.64305617128633,434.1584069631142,67565400
2023-09-13,433.7309875488281,434.89662601565715,432.3418913173706,433.44927898723824,60199300
2023-09-14,437.47076416015625,438.1701590763617,434.90633589685,436.2177050702565,83430800
2023-09-15,432.20001220703125,436.2064829388726,431.7613670713288,435.8750522534294,111848900
2023-09-18,432.45343017578125,433.759667369762,431.4103800381021,431.8880257231907,55752200
2023-09-19,431.5566711425781,432.12207569483604,428.8564672598676,431.52742813116754,66514600
2023-09-20,427.58917236328125,433.2430386255745,427.38444156247147,432.82387893603516,82562600
2023-09-21,420.5218505859375,424.98645190638643,420.36587795373464,424.72326482320904,104095800
2023-09-22,419.5762634277344,423.1635445210309,419.1570739871224,421.55511960544146,100829700
2023-09-25,421.3406982421875,421.3796690899473,417.91911730635536,418.3577922079324,70874500
2023-09-26,415.1506652832031,418.99140590500656,414.31231608593083,418.279786333382,96168400
2023-09-27,415.31634521484375,416.89555691549555,411.65109258223174,416.3301524211452,104705800
2023-09-28,417.7241516113281,419.4105778926448,414.1661131466468,414.7607606962109,92258300
2023-09-29,416.7103576660156,420.97025796891,415.1799040850308,420.7947999115168,115111300
2023-10-02,416.5445861816406,417.80209496586133,413.76638155318165,415.8719672795273,83798600
2023-10-03,410.9687194824219,416.60310055780633,409.5942385779504,414.35129964481234,103760600
2023-10-04,413.96136474609375,414.71195510117866,409.964651828837,411.436619280369,87453000
2023-10-05,413.805419921875,414.65349694142213,410.55932689037775,413.66893271247125,70142700
2023-10-06,418.7184753417969,420.26841441419174,410.0037011243771,411.3391815343107,113273300
2023-10-09,421.3991394042969,421.97427170928734,416.25216191772324,416.80777905217246,80374400
2023-10-10,423.5924987792969,426.20497351561806,421.63312785268664,422.0328021572993,78607300
2023-10-11,425.3276672363281,425.5810967496336,422.26675991351675,424.6648058188527,62451700
2023-10-12,422.73468017578125,426.3219617182537,420.36590701719814,425.94180257182495,81154200
2023-10-13,420.6290588378906,425.4543635328608,419.04987686462397,424.2455830882872,95143100
2023-10-16,425.0546875,426.1269807332246,422.6469139553336,422.89061561066933,75433200
2023-10-17,425.03515625,427.10177119800954,421.5551193524903,421.9060354435053,75324700
2023-10-18,419.3715515136719,424.2163416495345,418.27977284903875,423.2512926064637,93559800
2023-10-19,415.686767578125,421.915795975772,415.0044208134736,420.0929124098837,121323000
2023-10-20,410.57879638671875,415.7940176738114,410.4715521908134,415.24812835484806,123919900
2023-10-23,409.8671875,413.7566861845482,407.2741982932137,409.03859591438896,92035100
2023-10-24,412.95733642578125,414.11735869256864,410.14013099251554,412.0020152211512,78564200
2023-10-25,407.030517578125,411.2904477612155,406.5138712273653,411.26120475074754,94223200
2023-10-26,402.156494140625,406.81606899932837,401.2304456203667,405.9582640880993,115156800
2023-10-27,400.3335876464844,404.1548428016782,398.90062068187893,403.75516850556505,107367700
2023-10-30,405.1199035644531,406.1824392731636,401.83480982081625,403.141047198921,86562700
2023-10-31,407.6641540527344,407.9858271586759,403.7746552793757,405.6950255751164,79665200
2023-11-01,412.01177978515625,412.83061379639145,408.10279562252936,408.6389571260531,98068100
2023-11-02,419.90771484375,420.0636874749131,415.81351508474745,415.83300050786625,94938900
2023-11-03,423.7386779785156,425.29837446855083,422.1010100509099,422.2277396671061,100167800
2023-11-06,424.7135314941406,425.16193424437273,422.7541605168111,424.49907283120535,67831700
2023-11-07,425.9222412109375,426.5656171377113,423.5632258948368,424.7134905447946,64256100
2023-11-08,426.2342224121094,427.05305645650003,423.9141777452995,426.5266525176992,61746000
2023-11-09,422.91009521484375,427.4234545693612,422.48117792745524,427.3844539753976,83174400
2023-11-10,429.50958251953125,429.8215278153663,422.9003940263218,424.9962523118619,89462200
2023-11-13,429.10009765625,430.21136165399025,427.37470077216653,428.16429169782634,52236100
2023-11-14,437.4250183105469,438.7214981235358,434.85151436015457,435.0757306092195,97176900
2023-11-15,438.3510437011719,440.00822689231774,437.4932090962841,438.7702034175982,77327600
2023-11-16,438.8871765136719,439.2088495951082,436.8303191638532,437.90261234986747,66665800
2023-11-17,439.43310546875,440.0472384283699,437.9708954691745,438.8969439529958,83133200
2023-11-20,442.815673828125,443.6637508451693,439.16987676520114,439.1796343511977,69936200
2023-11-21,441.8505859375,442.68893510004267,440.5735916452,441.76285691154857,49244600
2023-11-22,443.5564880371094,444.8822404813006,442.45498156900504,443.5175171922335,59394900
2023-11-24,443.8294677734375,444.0244410081727,443.27385057704623,443.6052812771049,29737400
2023-11-27,443.0301208496094,444.01465530107345,442.64017440483553,443.19582131477495,50506000
2023-11-28,443.46881103515625,444.7750484614042,442.07484457454166,442.6402193789289,62115000
2023-11-29,443.1568298339844,446.77338386709766,442.75718529272547,445.63284701527954,63146000
2023-11-30,444.9017333984375,445.2526792493876,441.9188275346786,444.00492797140174,79752700
2023-12-01,447.5337219238281,448.0698536614184,443.6929814891745,444.2875992436387,89183400
2023-12-04,445.1844482421875,447.55322124535616,442.89364668102655,444.1219125709975,72430900
2023-12-05,445.0967712402344,446.0618204101632,443.4103448409097,443.7905337555734,69793500
2023-12-06,443.3031005859375,447.28029879816927,442.8644256752274,447.2510557873712,69124700
2023-12-07,446.6856384277344,447.3387421895649,444.79451124637484,445.39888657776544,66995400
2023-12-08,448.60601806640625,449.1421498074846,445.69132604578505,445.93502770059104,83194400
2023-12-11,450.3509521484375,450.52643996906556,447.89444989579135,448.1089085665673,65002200
2023-12-12,452.4077453613281,452.5052319702893,448.9959222888426,449.99997188879604,68327600
2023-12-13,458.6465759277344,458.90003520236064,452.42730410222066,452.78797783996356,93278000
2023-12-14,460.11846923828125,461.7951377673043,457.4279935234279,460.5961149490031,119026000
2023-12-15,459.36090087890625,460.7018256606562,457.5012649448637,459.5175058870526,141553700
2023-12-18,461.9448547363281,462.9334108167086,459.9090492984959,460.9758929509902,70375300
2023-12-19,464.7538757324219,464.83219317180465,462.414657477173,462.49294504720444,55761800
2023-12-20,458.31365966796875,465.7913622558364,457.8830033552832,463.892567568819,102921000
2023-12-21,462.6593017578125,462.93335303002993,458.8812772165131,461.3183770969235,86667500
2023-12-22,463.58917236328125,465.28243610584667,461.68061032551907,463.79470338010276,67160400
2023-12-26,465.54669189453125,466.45693055584053,463.92194844168887,464.00026588508166,55387000
2023-12-27,466.3884582519531,466.535266127328,464.8028734591963,465.3411789586889,68000300
2023-12-28,466.5645751953125,467.40629349897097,466.1437160434832,466.7505417729767,77158100
2023-12-29,465.2138671875,466.89733360638564,463.24655233834034,466.36879546330476,122283100
2024-01-02,462.6103515625,463.60870467800964,460.4962289212046,462.1307692975819,123623700
2024-01-03,458.8323974609375,461.1814128694219,458.2255717162588,460.43754654015044,103585900
2024-01-04,457.35443115234375,460.9562565274368,457.1293058653944,458.35275441965285,84232200
2024-01-05,457.9808349609375,460.4472964061735,456.5224640246535,457.5599459724443,86118900
2024-01-08,464.51898193359375,464.66578979536183,458.3527829151725,458.48002635182195,74879100
2024-01-09,463.8143005371094,464.84198549690996,461.3380415641875,461.8469854701935,65931400
2024-01-10,466.4373474121094,467.3084571861186,463.80448353404677,464.08833198358764,67310600
2024-01-11,466.2318115234375,467.96420403660454,462.2286911764114,467.44546301044596,77940700
2024-01-12,466.5547790527344,468.4340092581526,465.13559658829763,467.69014294589425,58026400
2024-01-16,464.8419189453125,466.4862265933185,463.01164473206603,465.1649260825611,85014900
2024-01-17,462.258056640625,462.7474360984551,459.8894469222123,461.79803875549055,68843900
2024-01-18,466.36883544921875,466.9267352108962,462.3853092838849,463.94153240644374,91856200
2024-01-19,472.18267822265625,472.4665266846665,466.41780347643123,467.5042115854746,110834500
2024-01-22,473.1810302734375,474.9134228764255,472.5252486289505,473.7291329004626,75844900
2024-01-23,474.56103515625,474.80572488601405,472.63290876028725,473.7291139705338,49945300
2024-01-24,475.079833984375,478.3880142349927,474.5806573481209,477.44841398088516,81765000
2024-01-25,477.6637268066406,477.93777811650847,475.0798187235087,477.22327333358226,72525000
2024-01-26,477.056884765625,478.7305541413174,476.2053692914894,477.23305420109756,76641600
2024-01-29,480.8348388671875,480.98167658692427,476.82195156629274,477.3700541206398,61322800
2024-01-30,480.46295166015625,481.1774265123715,479.69949107392625,480.1399445091589,58618400
2024-01-31,472.62310791015625,478.69139523915123,472.6035136155435,478.24117450333114,126011100
2024-02-01,478.80889892578125,478.8382605000368,473.52357660494823,474.3359632749418,91891600
2024-02-02,483.8495178222656,485.5133902013353,478.90676694862634,479.24933857263767,99228200
2024-02-05,482.08770751953125,483.87885311983354,479.8170094626226,483.2133042043492,75757100
2024-02-06,483.48736572265625,483.8201401874243,481.5983382138756,483.0371150914819,55918600
2024-02-07,487.51983642578125,487.9406956034412,484.8380166056108,485.74828512507054,70556500
2024-02-08,487.7351379394531,488.1168383750432,486.6976559040994,487.5198097885674,52343600
2024-02-09,490.55401611328125,490.9944397357122,487.90155775321915,488.24412937245694,63979400
2024-02-12,490.3386535644531,492.8051152852079,489.6143516538678,490.5246201484485,56502300
2024-02-13,483.585205078125,486.53127905269594,480.2965893692246,484.0256585499092,113099200
2024-02-14,487.9798583984375,488.4692378749702,483.89842042163974,486.23766865675526,68387800
2024-02-15,491.3467712402344,491.53273782316427,488.20493362506164,488.6845458033632,61683000
2024-02-16,488.8998718261719,492.18848742065717,488.1560054976972,491.0433562248227,75532900
2024-02-20,486.20831298828125,487.82325930658317,483.9473821687879,487.1479132312173,71736700
2024-02-21,486.6487121582031,486.8053171690523,483.0762480894276,484.89675520486617,59293400
2024-02-22,496.7201232910156,497.6890850078149,492.33527282899786,493.30426441514726,76402500
2024-02-23,497.0627136230469,499.29428272154865,496.3286444476272,498.45253453500476,61321800
2024-02-26,495.2421875,497.9435715199019,495.11494406872197,497.50311808383964,50386700
2024-02-27,496.1622314453125,496.3873567404861,494.0285442573819,495.9371360194894,48854500
2024-02-28,495.5064697265625,496.09370114673266,494.2340652877106,494.59620128659884,56506600
2024-02-29,497.2878112792969,498.91255464581906,494.61581858519605,497.2780440014064,83924800
2024-03-01,501.95648193359375,502.38713824254285,497.75762772536723,498.16871960912823,76844800
2024-03-04,501.4181823730469,503.27784821506253,501.124566645019,501.1539580871736,49799300
2024-03-05,496.4069519042969,499.8522024886755,494.18517986398405,499.40195187044725,72855600
2024-03-06,498.9223327636719,501.1930605051688,497.62059661226607,499.705327910019,68382400
2024-03-07,503.8748779296875,504.9319542916225,498.98108332275257,502.24036725780826,58652100
2024-03-08,500.8504943847656,507.21239722419125,500.27303023090644,504.51107290066597,86532500
2024-03-11,500.41986083984375,501.007122167377,497.698912229313,499.6368656493673,62557200
2024-03-12,505.80303955078125,506.39027097966664,500.0087440051748,502.5437557737152,73114400
2024-03-13,505.0102233886719,506.30219236269954,503.56167926871893,506.12602292151917,55104100
2024-03-14,504.0119323730469,506.1456197116887,500.9484120857823,505.9889848262863,110171800
2024-03-15,500.5510559082031,502.38704698505336,498.87218638115144,500.9241446835828,107646300
2024-03-18,503.52587890625,506.09818983280354,503.11353972986234,504.64514516646915,88893300
2024-03-19,506.3241271972656,506.6088276400447,501.81763858469714,502.8289214035436,60755300
2024-03-20,511.00726318359375,511.14472957036855,505.70557894770565,506.3830233690174,69594600
2024-03-21,512.6959838867188,514.5711955635512,512.4112235285457,513.8643283108137,60256100
2024-03-22,511.72393798828125,513.0984218682763,511.48825568021914,512.6075219273547,79070800
2024-03-25,510.3101806640625,511.46869741749754,510.15305911399236,510.3396035020047,48512100
2024-03-26,509.3676452636719,512.0872503842495,508.96513363854143,511.7435844366355,65463700
2024-03-27,513.6482543945312,513.6875647434284,510.03523783042095,512.2148648432812,82999800
2024-03-28,513.550048828125,515.0619990069974,513.2653484476477,513.6875151873788,96294900
2024-04-01,512.6566772460938,514.8363044731182,511.48833281353956,514.2963264415365,62477500
2024-04-02,509.3970642089844,509.5344706465003,507.07997100382494,508.8079483401576,74230300
2024-04-03,509.9566650390625,511.46867525247416,508.24834278304087,508.2974207936934,59155800
2024-04-04,503.7320861816406,514.3355132072445,503.4277306070164,513.9919072090371,96858100
2024-04-05,508.9945373535156,510.96796482720384,504.6549983834538,505.0968203427488,74546500
2024-04-08,509.2791748046875,510.7126241172775,508.4643240980867,509.70140146145394,48401800
2024-04-09,509.8683166503906,511.27228327624755,504.9887401265568,511.02683330828006,68049200
2024-04-10,504.76300048828125,506.7658508730003,502.7699776912442,504.1346341197876,82652800
2024-04-11,508.5723571777344,510.0254018796054,502.7601184459389,506.29457417860783,70099000
2024-04-12,501.552490234375,506.43203698768644,499.8146852171386,505.0084151327042,92561100
2024-04-15,495.26898193359375,505.92148710242344,494.41479083445734,505.754597894728,92101400
2024-04-16,494.36572265625,497.2816696769287,493.069739544358,495.7500641672951,73484000
2024-04-17,491.4399719238281,497.00679103817805,490.03600513214803,496.8398718568974,75910300
2024-04-18,490.4286804199219,494.9547935868479,489.48616089541196,492.84392977207705,74548100
2024-04-19,486.1480407714844,491.3515682426223,484.8716829276253,490.3501431336925,102212600
2024-04-22,490.62506103515625,493.23665243811826,486.4131309562078,488.76944479009535,67961000
2024-04-23,496.4471130371094,496.879107389729,490.4385024479616,492.6475522211574,64633600
2024-04-24,496.21148681640625,498.13580621456754,493.9729842620111,497.3405506993321,55928100
2024-04-25,494.32647705078125,495.09227985948104,488.435676995503,490.0949214080457,69122400
2024-04-26,499.0096740722656,500.60018526711485,496.4962684869457,497.1344324900181,64306100
2024-04-29,500.77685546875,501.4542997979017,498.01800014191997,500.8063082673151,46415400
2024-04-30,492.843994140625,500.28602524952794,492.843994140625,499.3042252109721,77483600
2024-05-01,491.24365234375,498.9409610045002,490.7723775416864,492.25490517892376,80242800
2024-05-02,495.8384094238281,496.6827729302825,490.4581351081365,494.9744207054676,62550200
2024-05-03,501.9845275878906,503.22157520671925,499.30420281647224,501.85688879465766,72756700
2024-05-06,507.1684265136719,507.2076769404012,503.9579213801593,504.3997433592057,47264700
2024-05-07,507.72802734375,509.13199404488415,507.05058299886457,508.14036653323757,52561300
2024-05-08,507.7771301269531,508.3171081269149,505.76445216837857,505.8822633711224,42047200
2024-05-09,510.702880859375,510.74219121029387,507.30589126655696,507.96368047697825,43643700
2024-05-10,511.36077880859375,513.128006963495,510.13352871153444,512.3130961202376,52233200
2024-05-13,511.4293518066406,513.1573291923936,510.2806627198221,513.0493455868614,36716400
2024-05-14,513.7759399414062,514.2963227171578,511.08581746685115,511.6257954945224,57535900
2024-05-15,520.1380004882812,520.432528485142,515.621684813936,516.2598787440616,59504900
2024-05-16,519.0677490234375,521.8462592917225,518.9204550807748,520.2360932057385,50244800
2024-05-17,519.8140258789062,519.8827590703391,517.722787069295,519.1856594923631,59187600
2024-05-20,520.4129028320312,521.8856028241897,519.5390864548481,519.9318304224834,37764200
2024-05-21,521.6891479492188,521.8462694810344,519.4408478911762,519.6470474300692,33437000
2024-05-22,520.1871337890625,521.7089118715144,517.9976789436778,520.9922170155929,48390000
2024-05-23,516.3875122070312,523.3680953200814,515.1700299587022,523.260111709731,57211200
2024-05-24,519.80419921875,520.6191100051178,517.2907935924079,518.2431108375699,41291100
2024-05-28,520.1674194335938,520.8546913706681,517.5165476330567,520.6190689749426,36269600
2024-05-29,516.5249633789062,517.7129629685619,515.808268544491,516.1126241518484,45190300
2024-05-30,513.098388671875,515.6412765680255,511.84171606506055,514.9736598824827,46377600
2024-05-31,517.7718505859375,517.8994893772648,508.92582317948944,514.0606778227026,90785800
2024-06-03,518.1940307617188,519.6765583574672,513.0886587497955,519.391857928712,46835700
2024-06-04,518.773193359375,519.5193707703163,515.4056273488814,516.8783269996437,34632700
2024-06-05,524.93896484375,524.9586200186185,519.1070707176025,521.1099809761525,47610400
2024-06-06,524.9291381835938,525.6753157381511,522.9851934462151,525.2433213604766,30808500
2024-06-07,524.291015625,527.1186043544275,522.8477384972871,523.9473496782516,43224500
2024-06-10,525.910888671875,526.2348994057324,522.8771606503717,523.4760441854506,35686100
2024-06-11,527.177490234375,527.2363958338547,522.3666465543927,524.3499016107278,36383400
2024-06-12,531.5072631835938,534.2170409222175,530.4665575226765,531.7723683741217,63251300
2024-06-13,532.577392578125,533.4413813243644,529.7694591150035,533.26466452504,44760900
2024-06-14,532.9014282226562,532.930851061761,530.0247015137712,531.0359842688257,40089900
2024-06-17,537.1427001953125,538.5467267827651,531.7526283434909,532.2141054561657,55839500
2024-06-18,538.5074462890625,538.635085076816,536.7794687849962,537.2016355735989,41376400
2024-06-20,537.0445556640625,540.1077666172325,535.2576726206614,539.4401498632659,70328200
2024-06-21,536.3245239257812,537.4474010127514,534.8569323502853,536.2161919571165,64338600
2024-06-24,534.5811157226562,538.7278494880962,534.4629244620497,536.1472401021375,45528700
2024-06-25,536.6398315429688,537.0042646893284,534.2857449139436,535.8124324348613,37936200
2024-06-26,537.3095703125,538.0285772692542,534.8668704239683,535.5169224493349,38550600
2024-06-27,538.1566162109375,538.7377734099973,536.4230640239002,537.1716488426333,35041500
2024-06-28,536.0388793945312,542.0078389927284,534.7880117936159,538.934685684169,76144500
2024-07-01,537.14208984375,537.6739505394513,534.3644748642668,537.4277087162804,40297800
2024-07-02,540.7568969726562,540.7568969726562,535.4774867707054,535.5267231112665,40434800
2024-07-03,543.1701049804688,543.5345380828469,540.4023491902368,540.4417262410547,32789900
2024-07-05,546.3023681640625,546.7061783721721,542.8352634562917,543.4755163543664,41488400
2024-07-08,546.9327392578125,547.8881288012321,545.8590983154559,547.0903075936609,36110500
2024-07-09,547.4645385742188,548.804079690317,547.1690604041432,547.8979265962074,27289700
2024-07-10,552.8818969726562,553.2266115086117,548.4003074170465,548.695785607528,38701200
2024-07-11,548.1145629882812,553.8766575443788,547.4743703382464,553.0000222525385,53054200
2024-07-12,551.5718383789062,555.1965108923417,548.774564863736,549.2473299383824,53084400
2024-07-15,553.0887451171875,556.3489846422507,551.2172831044048,553.5812287923791,40584300
2024-07-16,556.36865234375,556.664130530242,553.650132792749,554.4085769027762,36475300
2024-07-17,548.5676879882812,552.0840284475104,548.2426319478126,550.3997127297722,57119000
2024-07-18,544.35205078125,551.1089727595462,542.1555927413102,550.1141460777824,56270400
2024-07-19,540.7371826171875,545.7506925722541,539.6734011116428,544.1156132058904,65509100
2024-07-22,546.3121337890625,546.9228087020715,542.7366977016144,544.6869137065378,43346700
2024-07-23,545.4552001953125,548.3706648208323,544.96271656342,546.2037248169792,34439600
2024-07-24,533.0938110351562,540.9144534863593,532.1679394058027,540.6091160403827,74515300
2024-07-25,530.3162841796875,539.2302874589092,529.3707539281593,533.2120908102739,61158300
2024-07-26,536.2555541992188,538.9642140468326,533.3498888846163,534.1280514615765,53763800
2024-07-29,536.57080078125,538.8263542761403,534.5614289959356,537.8118692092069,39515800
2024-07-30,533.8522338867188,539.1119852996469,530.4245671946074,538.0482038678223,46853600
2024-07-31,542.5298461914062,545.1794106823547,539.3484209909209,540.7273391659687,65663400
2024-08-01,534.8471069335938,546.5288047650866,531.3209071419874,544.2633919827645,76428700
2024-08-02,524.8890991210938,528.9175817191577,520.6536916296925,527.6962318838754,82789100
2024-08-05,509.60235595703125,515.7091648747456,502.5992232429508,503.9486536125226,146267400
2024-08-06,514.3007202148438,521.7864479457752,510.08503114656577,511.41471300744325,84826300
2024-08-07,510.8631896972656,523.5988716926946,510.2623739827262,520.5257179492945,70698300
2024-08-08,522.6729125976562,523.3032459691668,513.9953532420095,516.0341826136271,63276600
2024-08-09,524.977783203125,526.4749529409472,520.6143846831733,521.8455939760821,45619600
2024-08-12,525.2536010742188,527.6765824787605,522.9684694205855,526.1794728639009,42542100
2024-08-13,533.8916015625,534.1280441902442,528.2182409668121,528.4644827677885,52333100
2024-08-14,535.5759887695312,536.7678208880384,532.0005525316452,534.6894941203759,42446900
2024-08-15,544.7559204101562,545.0415393102818,540.6289046503756,541.2395796214291,60846800
2024-08-16,545.977294921875,546.676643441067,542.9731562772823,543.1307246146675,44430700
2024-08-19,551.197509765625,551.197509765625,545.5339480635206,546.3908647638199,39121800
2024-08-20,550.30126953125,552.4091140848926,548.9518690734592,550.7445168615222,33732300
2024-08-21,552.1923828125,553.6599745235571,546.3909107782366,551.3551846243884,41514600
2024-08-22,547.8585205078125,554.7139150306325,546.6371705904586,554.1032400719556,56121500
2024-08-23,553.6797485351562,554.6253389142347,548.9124797023921,551.1188572535754,50639400
2024-08-26,552.3598022460938,555.4328954778962,550.6459687265464,554.713888571281,35788600
2024-08-27,553.1182861328125,553.610769828711,549.9270014022125,551.0793964176761,32693900
2024-08-28,549.9072875976562,553.2069644594469,546.6962842536592,552.7735763985828,41066000
2024-08-29,549.9564819335938,555.2063746094201,548.8040869961412,551.887039533177,38715200
2024-08-30,555.2063598632812,555.7185620963827,548.7646953704351,552.3401314750681,62700100
2024-09-03,543.7807006835938,552.3794449766306,541.249327802372,552.0445296817559,60600100
2024-09-04,542.6677856445312,546.0954528615584,541.2001938790256,541.9290601155072,47224900
2024-09-05,541.347900390625,545.4749160649053,538.875622679528,542.6086874774144,44264300
2024-09-06,532.2369995117188,543.3080240861839,531.3308462861334,541.6730045627813,68493800
2024-09-09,538.1959838867188,539.4764895373146,534.5220749045959,536.46249184752,40445800
2024-09-10,540.5401611328125,540.8947950359166,535.2115147063951,540.116632425003,36394600
2024-09-11,546.0855712890625,547.0114429857031,531.8429821458573,540.4515870073689,75248600
2024-09-12,550.6854248046875,550.9907622799467,544.430846031605,546.6667411644733,51819600
2024-09-13,553.5615234375,554.5662093965458,551.0400093649616,551.2961105010037,39310500
2024-09-16,554.3790893554688,554.6449896789841,551.483282734757,553.2955891224333,36656100
2024-09-17,554.6055297851562,558.062774533223,552.3597755455934,556.6049820887653,49321000
2024-09-18,552.9607543945312,560.1411455135499,552.3993157299367,555.26554457798,59044900
2024-09-19,562.3966064453125,564.2680683514808,559.5402373625056,562.4261843206043,75315500
2024-09-20,561.4243774414062,562.4716426757624,558.381356452098,561.0193287525613,77503100
2024-09-23,562.827392578125,563.4794987580368,561.2762433950409,562.5013997902016,44116900
2024-09-24,564.4378662109375,564.4971431139204,560.7822963882264,563.6277083354797,46805700
2024-09-25,563.19287109375,565.020685767149,562.0764394067945,564.2796944865338,38428600
2024-09-26,565.42578125,567.8068671978508,563.0546451370627,567.4808141228361,48336000
2024-09-27,564.6057739257812,567.3227423718845,563.5683980340395,566.5027553128888,42100900
2024-09-30,566.8682861328125,567.4808341729492,561.2565187412819,563.5683780406285,63557400
2024-10-01,561.7900390625,567.1646991347823,559.2015139106102,566.5126532309621,72668800
2024-10-02,562.0271606445312,563.0547073454915,558.4803154651253,560.8910099759402,38097800
2024-10-03,560.9996337890625,562.9558317101478,558.6976037139259,560.5451373731803,40846500
2024-10-04,566.09765625,566.4730967206212,561.2762673344769,565.475218643551,42939100
2024-10-07,560.9798583984375,565.0899243287395,559.8239287376792,564.4378181494166,49964700
2024-10-08,566.2853393554688,566.8880581569168,562.6891071231569,563.5683710395065,37398700
2024-10-09,570.2076416015625,570.7708022277346,565.672748297138,566.2754067507159,37912200
2024-10-10,569.2098999023438,570.642495490538,567.5895840604959,568.8542384644867,44138100
2024-10-11,572.618408203125,573.3593995994619,568.9924468862521,569.1307797527231,42268000
2024-10-14,577.3014526367188,578.2400537803853,573.7545473576104,574.2386520785454,36217200
2024-10-15,572.8159790039062,577.8744751013033,571.5908226582608,577.5682010903995,54203600
2024-10-16,575.3056640625,575.8293268875105,572.005816398955,572.8159741665754,30725400
2024-10-17,575.3551025390625,579.0798386340441,575.1673823042536,578.8723393317706,34393700
2024-10-18,577.5681762695312,578.3585549441526,575.5823098994521,577.0544029951151,37416800
2024-10-21,576.6197509765625,577.8250680389981,573.6261167836691,576.8370795083325,36439000
2024-10-22,576.3135375976562,577.4793569502931,573.4088485997169,574.070784100358,34183800
2024-10-23,571.0474243164062,574.722772641486,567.5202983769775,574.2781657865612,49314600
2024-10-24,572.282470703125,573.0926285399634,569.644558193077,573.0135725724089,34979900
2024-10-25,572.0848999023438,577.4398415567764,571.1364694352268,574.5252631127809,47268200
2024-10-28,573.8534545898438,575.7108780440467,573.5471805256955,575.5824346975934,30174700
2024-10-29,574.7820434570312,575.9083044283614,571.4821355952707,572.885062269683,42899700
2024-10-30,573.0432739257812,576.3135137591064,572.3318907812009,574.3078679687578,41435800
2024-10-31,561.809814453125,568.715844657544,561.6122046859157,568.646678223919,60182500
2024-11-01,564.1809692382812,568.6368073209918,563.7660309249709,564.4576349818459,45667500
2024-11-04,562.9656982421875,565.6233895940205,561.0687772961523,564.319237599237,38217000
2024-11-05,569.7730102539062,569.8125080872711,563.6672482360568,563.884576772617,39478300
2024-11-06,583.9407348632812,584.8200591512631,578.3586356989562,582.122869688031,68182000
2024-11-07,588.455810546875,589.4833571706318,585.8771750583134,585.9562310221482,47233200
2024-11-08,591.0047607421875,592.4373559276506,589.0090049540793,589.0090049540793,46444900
2024-11-11,591.5679931640625,592.9610303908673,589.8291237873193,592.6053690098148,37586800
2024-11-12,589.7304077148438,592.0916545922643,587.230767661652,591.488996030757,43006100
2024-11-13,590.0169067382812,592.0323817472178,587.8137114857154,590.1947374477135,47388600
2024-11-14,586.2230224609375,590.6294734066391,585.5314786698614,590.14536863207,38904100
2024-11-15,578.7142944335938,583.1108555511576,576.8469815975038,582.6365800407317,75988800
2024-11-18,581.08544921875,582.4093200141474,578.3092039992318,579.1785783846396,37001700
2024-11-19,583.2095947265625,583.9406965622665,577.0149478875358,577.6867728258052,49412000
2024-11-20,583.4072265625,583.69372152727,577.6077387195638,583.2886727631445,50032600
2024-11-21,586.5391235351562,587.9717189391857,580.3938639302464,586.2724076420711,46750300
2024-11-22,588.3571166992188,588.9894438927586,586.025478012836,586.529301558709,38226400
2024-11-25,590.352783203125,593.6427414118231,588.0507531687203,592.3188706226857,42441400
2024-11-26,593.4353637695312,594.1071887666359,590.8863363525481,591.607548718168,45621300
2024-11-27,591.6371459960938,593.6328416785968,590.1057759445099,593.2475720089939,34000200
2024-11-29,595.3125,596.1028787945397,592.1805931218427,592.4571985640151,30177400
2024-12-02,596.3795776367188,597.061292199026,595.2334770642985,595.7274713760562,31746000
2024-12-03,596.6561279296875,596.9031250627299,595.1050389999714,596.1424148983427,26906600
2024-12-04,600.3610229492188,600.6080200567633,597.6836128967337,598.3554377930116,42787600
2024-12-05,599.3731079101562,601.1712543095007,599.0174465042294,600.3610964613101,28762200
2024-12-06,600.5093383789062,601.7542136421392,599.7288491068647,600.1437874272632,31241500
2024-12-09,597.4168701171875,600.558666264525,596.8241011467584,600.3907251065754,34742700
2024-12-10,595.5593872070312,598.5233523659601,594.897451872771,598.09852459609,37234500
2024-12-11,600.1635131835938,601.1218330792508,598.2270340236872,598.5036997474019,28677700
2024-12-12,597.0711059570312,599.8670699892645,597.0711059570312,599.2940800778147,31543800
2024-12-13,596.9525756835938,599.8374853272288,595.5693676109008,599.1162729918287,35904700
2024-12-16,599.5015258789062,600.4796851568691,597.9405474515993,598.7210366652528,43695200
2024-12-17,597.0315551757812,597.900989889001,595.6484074425919,596.9327804455652,55773500
2024-12-18,579.2379150390625,599.1260676649564,578.8525850593486,596.7252628946356,108248700
2024-12-19,579.06005859375,585.8772036337424,578.8130614589971,584.2568879572754,85919500
2024-12-20,586.01513671875,590.5751556827481,575.8640332815654,576.716609074651,125716700
2024-12-23,589.5243530273438,590.1290398696646,582.5553885988357,585.7573730277389,57635800
2024-12-24,596.076904296875,596.1165955673065,590.2975285951272,590.8824302891231,33160100
2024-12-26,596.11669921875,597.2467510278158,592.8850063759046,594.2926551063172,41219100
2024-12-27,589.8416137695312,592.5875722637912,585.628530262738,592.349606135686,64969300
2024-12-30,583.110595703125,586.6000397682428,579.3336924072994,582.7835057007663,56578800
2024-12-31,580.9891967773438,585.5095851912486,579.3435820207299,584.7858849888859,57052700
2025-01-02,579.5616455078125,585.9952616225524,575.4575923435457,584.2703854968423,50204000
2025-01-03,586.8081665039062,587.4524841165517,581.3360954279694,582.4265768189647,37888500
2025-01-06,590.1885375976562,594.4908658796807,588.4438157230102,591.0906669897693,47679400
2025-01-07,583.5169677734375,592.5577435625502,581.6830616942256,592.2305931115341,60393100
2025-01-08,584.3694458007812,585.4500042495939,580.1167322282579,583.5863298366745,47304700
2025-01-10,575.4476928710938,580.8602875756501,573.5245418299866,580.7908883545033,73105000
2025-01-13,576.3399047851562,576.6967632072416,570.352331124668,570.7687264554227,47910100
2025-01-14,577.1329345703125,579.9185236912625,573.3262632797856,579.2840683920101,48420600
2025-01-15,587.6309814453125,588.7808787490047,584.082061353333,585.2022507077428,56900200
2025-01-16,586.5008544921875,589.1872759074608,585.7969999803885,589.0088467012978,43319700
2025-01-17,592.3892822265625,594.1537892227647,590.4363626944013,591.7746725476055,58070600
2025-01-21,597.8117065429688,597.8216293606315,593.4697477556989,595.4523751286994,42532900
2025-01-22,601.1723022460938,602.5403200370894,600.1016664737954,600.656799743693,48196000
2025-01-23,604.45361328125,604.45361328125,600.2603751042184,600.5379115165184,41152100
2025-01-24,602.6890258789062,605.4746757598883,601.5292056667311,604.5130699050133,34604700
2025-01-27,594.1637573242188,594.4809850060814,589.4748623340163,589.6433687414142,70361100
2025-01-28,599.26904296875,600.1116355041081,592.0621722182419,595.4028949130045,44433300
2025-01-29,596.58251953125,598.882374668965,594.0149903221018,598.4759021527152,37177400
2025-01-30,599.7844848632812,601.3309319842132,595.5020019503173,598.7139095137852,39281300
2025-01-31,596.5924682617188,604.6617769781066,595.8291372870628,602.2231232896551,66566900
2025-02-03,592.57763671875,595.0757062127931,585.3608436126516,587.5219003161839,65857200
2025-02-04,596.5528564453125,597.0682984855546,592.0919442792167,592.6371547762964,33457800
2025-02-05,598.9715576171875,599.1202788798545,593.3805941197304,595.4226979994195,30653100
2025-02-06,601.0533447265625,601.1822203511523,597.3953946627929,600.726194256066,35771500
2025-02-07,595.551513671875,602.8475675264697,594.8377363899132,601.6183482961283,50788500
2025-02-10,599.5961303710938,600.2405085459313,597.5044727650717,598.7833062959043,26048700
2025-02-11,600.0521850585938,600.5973955759445,597.197196325744,597.3161491475298,30056700
2025-02-12,598.1190795898438,599.2987454315366,593.3112318639063,593.9952408058122,45076100
2025-02-13,604.4337768554688,604.6419745466134,597.9605288512577,599.2293791218168,40921300
2025-02-14,604.4039916992188,605.6827646257742,603.7794592105552,604.6418973129976,26910400
2025-02-18,606.178466796875,606.178466796875,603.0954953954162,605.5737798991598,26749000
2025-02-19,607.60595703125,607.9033390687135,604.2652343829255,604.7807369178573,31011100
2025-02-20,605.0780639648438,606.3667596800622,601.7472644379752,606.2279612401959,36554000
2025-02-21,594.728759765625,604.9987554556133,594.2628108513653,604.8599570126433,76519800
2025-02-24,592.0225219726562,597.7919754098276,591.3087445913096,596.7907388152252,50737200
2025-02-25,589.0782470703125,592.6965662998072,584.4389061860617,591.9630038380435,58266500
2025-02-26,589.3756713867188,594.3719315476118,586.718957724097,590.7536120583931,43321600
2025-02-27,579.968017578125,592.8253866100482,579.5715284356448,591.6655061184648,74196700
2025-02-28,589.018798828125,589.5540864732496,577.3807850421597,580.4736791128596,88744100
2025-03-03,578.69921875,592.1513529367862,574.8628395664972,591.0013951605243,74249200
2025-03-04,571.8492431640625,580.3051786101872,567.2793012349447,574.6745236933907,109648200
2025-03-05,577.9954223632812,579.7996207416143,568.102129991371,571.6807582916119,71230500
2025-03-06,567.7352905273438,575.1304520011837,565.1677614238747,570.481188331108,80094900
2025-03-07,570.9173583984375,572.374620972555,560.7167623995564,565.9410048616534,81158800
2025-03-10,555.710693359375,564.5928260670291,550.7640472991095,562.6598126082816,99326600
2025-03-11,551.0911254882812,559.1208032031337,547.2250381485285,554.5409384975098,88102100
2025-03-12,554.0155029296875,558.2186634905289,548.8805050365849,557.2868261582678,69588200
2025-03-13,546.6302490234375,554.2534547102391,544.9053726595178,553.6388449829802,74079400
2025-03-14,557.9212646484375,558.9324239905063,546.6995862320014,551.2794507149214,62660300
2025-03-17,562.2235717773438,564.7613323506962,557.4652177604464,557.9013981951625,49008700
2025-03-18,556.1468505859375,560.1121055231899,554.203853884888,559.8939850390469,66041400
2025-03-19,562.2037353515625,565.9905608911315,556.7515100807932,557.9410986045036,66556000
2025-03-20,560.5780029296875,565.6138937221895,557.7130916703615,558.4367918514132,62958200
2025-03-21,560.762939453125,561.6677826377718,554.8469278493619,556.0897976294804,83763000
2025-03-24,570.8053588867188,571.86926269199,566.9474862667257,567.5440394813636,58766800
2025-03-25,572.177490234375,573.1220227068575,570.4175672260229,572.0183689196199,38355700
2025-03-26,565.3466796875,573.0425195248911,563.9546412826954,571.9090077398645,51848300
2025-03-27,563.8452758789062,567.6434930945948,561.717468314772,563.944681183511,42164200
2025-03-28,552.4904174804688,563.0399428035041,551.903816900767,562.304173568215,71662700
2025-03-31,556.1991577148438,557.5116354900671,543.750554530121,546.6936920279248,95328200
2025-04-01,557.7700805664062,559.7288748312798,550.5216860996894,554.270200650382,54609600
2025-04-02,561.2998657226562,564.1832870343261,551.6452319792124,551.8838532533371,76014500
2025-04-03,533.6386108398438,544.8442841383162,533.6386108398438,542.0006124868958,125986000
2025-04-04,502.3977966308594,522.8703441644736,502.17905033414394,520.6828811973194,217965100
2025-04-07,501.5029296875,520.1857262659767,479.0517131179981,486.3995737800916,256611400
2025-04-08,493.64801025390625,521.9854113898446,486.36975741253633,518.8832132196871,165816600
2025-04-09,545.4906005859375,545.4906005859375,490.23757127668296,490.62536123459006,241867300
2025-04-10,521.5877685546875,530.4568711321452,506.4148031681469,529.1344405716377,162331200
2025-04-11,530.8943481445312,533.3701351923651,517.1034690516782,520.0267013859047,97866300
2025-04-14,536.0447387695312,541.1753390049968,530.8147332303623,540.9466097072813,68034000
2025-04-15,534.5433349609375,540.1312723398183,533.7479104814203,536.5915818220184,56892900
2025-04-16,522.6615600585938,534.8218402750512,517.3221958900297,528.6472408418655,83484800
2025-04-17,523.4072265625,528.1400842911512,520.9214870568637,524.6302516664327,79868100
2025-04-21,510.94873046875,518.7241309058172,505.55963388256157,518.1871723342323,69368100
2025-04-22,524.2424926757812,526.2807870532888,516.2284704641588,517.1730636694438,75948100
2025-04-23,532.3658447265625,542.3187554782935,530.8346510289886,537.3472764364299,90590700
2025-04-24,543.5715942382812,544.3073634486632,532.3957187263146,533.6584331737259,64150400
2025-04-25,547.4990234375,547.9066579905569,540.5886558742968,543.5317931259866,61119600
2025-04-28,547.7078247070312,550.3924355414467,541.9111238077456,548.2447832861145,47613800
2025-04-29,551.1580200195312,552.2815790568998,545.4209141992505,545.7788460995639,47775100
2025-04-30,551.3768310546875,553.3455782199762,538.4311395978207,544.4466177046888,93101500
2025-05-01,555.2843627929688,560.8524558505887,554.6778569018302,557.1735491438936,63186100
2025-05-02,563.527099609375,565.1378539569648,559.1720791327064,561.5086499974077,60717300
2025-05-05,560.295654296875,563.4177577758883,558.4959812674823,559.3610137868201,38659200
2025-05-06,555.6124877929688,560.1365216016732,553.7830174830004,554.747455291201,48264700
2025-05-07,557.9490966796875,560.6038493983164,552.8681991631311,556.9548009077818,55588000
2025-05-08,561.8367919921875,567.0568450320475,558.4959726115572,562.0157579568283,65130800
2025-05-09,561.1209716796875,564.2629200033267,559.5499671743652,563.2487187713206,37603400
2025-05-12,579.66455078125,579.6745034500635,573.7484781026347,578.1532016097033,78993600
2025-05-13,583.4925537109375,585.7197665156716,579.5153706490559,580.0820658308163,67947200
2025-05-14,584.23828125,585.6203062554047,582.1999263612488,584.4569971907843,66283500
2025-05-15,587.0919189453125,587.5989588253952,581.7624473439984,582.2198452585625,71268100
2025-05-16,590.8106079101562,591.1088845286154,585.9186893064182,587.8774230068021,76052100
2025-05-19,591.4568481445312,592.1429146923263,584.7453513153635,584.7453513153635,68168500
2025-05-20,589.46826171875,590.661428858583,586.2368002538279,589.7069436963179,60614500
2025-05-21,579.5352783203125,589.1998657689248,578.5012324590923,585.0834662873492,95197700
2025-05-22,579.7639770507812,583.2738097421649,578.0935066667054,579.3363764431303,70860400
2025-05-23,575.806640625,578.4912514897796,572.3166525694867,572.6944898379297,76029000
2025-05-27,587.7780151367188,587.9370757702034,575.1305403861026,582.7269752337963,72588500
2025-05-28,584.37744140625,589.3887309946801,583.6416722363929,588.1856112493471,68445500
2025-05-29,586.6842651367188,589.8163213976459,582.7269869994868,589.6771054111595,69973300
2025-05-30,586.0280151367188,587.7580801158757,579.9130717022508,585.5706172221718,90601200
2025-06-02,589.3291015625,589.4086015340318,581.7227142099362,584.4073250806647,61630500
2025-06-03,592.6898193359375,593.6741624833163,588.4739541013344,588.961210027987,63606200
2025-06-04,592.5307006835938,594.5391976596761,592.0932080953481,593.5548545078736,57314200
2025-06-05,589.6671142578125,595.5831864273371,587.6785226503756,594.2210060312028,92278700
2025-06-06,595.722412109375,597.4027744725131,593.455388510206,595.2451088486548,66588700
2025-06-09,596.2593383789062,597.8203901729,595.0761238694207,596.2990883662742,53016400
2025-06-10,599.6399536132812,600.0276828696868,595.672722912116,596.7962213819605,66247000
2025-06-11,597.9297485351562,601.608655383662,595.851704156038,600.7436228335788,73658200
2025-06-12,600.3060913085938,600.3060913085938,596.1002394800107,596.5874347137615,64129000
2025-06-13,593.5946044921875,598.4169149439988,592.083255426069,595.0860482220673,89506000
2025-06-16,599.2421875,601.0021104918266,596.7961979763596,596.9752246255282,79984100
2025-06-17,594.12158203125,598.3174810611555,593.3559548666378,596.7862874189289,82209400
2025-06-18,594.0321044921875,597.7905111811382,593.0676059775907,595.0264003245132,76605000
2025-06-20,592.636962890625,597.8026339141032,591.2208450851572,596.7256028572928,94051400
2025-06-23,598.49072265625,598.8795981212522,590.2535502615591,593.3948045851308,87426000
2025-06-24,605.1024169921875,606.1694051168853,601.7416782982235,602.65917852593,67735300
2025-06-25,605.4414672851562,606.9273380866383,603.8658185288903,606.2292612300843,62114800
2025-06-26,610.1783447265625,610.617130683572,606.6880212532993,607.306302256393,78548400
2025-06-27,613.2098999023438,614.6858494593505,609.1412239120898,611.1855439983277,86258400
2025-06-30,616.1417846679688,617.5079921128906,613.3395560055452,615.6731133088892,92502500
2025-07-01,615.9423828125,617.1191131155733,613.8182668389494,614.6559103723325,70030100
2025-07-02,618.734619140625,618.7744866384667,614.9052090235124,615.53347209637,66510400
2025-07-03,623.611083984375,624.5484875028751,620.7090954800537,620.7290596612153,51065800
2025-07-07,618.9639892578125,622.3047639816969,616.1617605422166,621.6365725170731,74814500
2025-07-08,618.6249389648438,620.3900039601925,617.8071987595777,619.6320954349991,59024600
2025-07-09,622.3345947265625,622.9927431754923,619.1932795088373,621.0481832340878,66113300
2025-07-10,624.0897827148438,625.1368675729468,621.2875540464601,622.4742664500196,57529000
2025-07-11,621.8958129882812,623.1323749024951,619.8116254973129,621.0182411395347,63670200
2025-07-14,623.08251953125,623.4315275028133,620.0808318567448,621.437057113524,51898500
2025-07-15,620.419921875,626.1240780025647,620.340126016414,625.7850521197855,74317300
2025-07-16,622.494140625,623.0027403264891,616.3412163521633,622.0154871960257,88987500
2025-07-17,626.3035888671875,626.6626398066976,622.4542755061946,622.6736989062512,68885700
2025-07-18,625.8449096679688,627.7296380152247,624.7280110672211,627.5601250668279,65621600
2025-07-21,627.0316162109375,629.7939164140192,626.6028123652087,627.0316162109375,63375000
2025-07-22,627.121337890625,627.9889276793821,624.4587368446605,627.3606646093982,60046300
2025-07-23,632.4566040039062,632.4566040039062,627.9889485945137,629.8039240942028,70511000
2025-07-24,632.6659545898438,634.3912129187636,632.2371507469353,632.8454496264281,71307100
2025-07-25,635.3385620117188,635.8172763273444,633.0848614440556,633.3341702599237,56865400
2025-07-28,635.1790161132812,636.2759505305676,633.782862430909,635.7175012309004,54917100
2025-07-29,633.503662109375,636.9042074633194,632.5862227401361,636.5850848856694,60556300
2025-07-30,632.7058715820312,635.9169397338984,629.7939009526881,634.1617960302962,80418900
2025-07-31,630.3324584960938,638.0809348105399,629.0260827850975,637.6920593309911,103385200
2025-08-01,620.0010375976562,624.6083202058907,617.5777633723885,624.5683918435021,140103600
2025-08-04,629.4249267578125,629.4747763447384,623.8504160518278,623.9401331350132,73218000
2025-08-05,626.2337646484375,630.8609506236863,625.3063432085271,630.0432104487703,68051400
2025-08-06,631.030517578125,631.6886660273483,626.3933495625395,627.310788901774,64357500
2025-08-07,630.501953125,635.2188561282265,627.3706199993678,634.4809118212801,74205800
2025-08-08,635.4183349609375,635.8870671683993,631.9878433436463,632.3069659204185,64051600
2025-08-11,634.1618041992188,637.1834561323586,632.9052780831173,635.6975853928571,58742300
2025-08-12,640.9131469726562,641.0726778368414,635.0294344517399,636.5252873774225,64730800
2025-08-13,643.1070556640625,644.4034493171588,640.9031438473124,643.1269589799253,60092800
2025-08-14,643.1668701171875,643.8350006749072,640.5641007895744,641.0128079474052,59327500
2025-08-15,641.6610717773438,644.3037696191185,640.7436323612244,644.2040095711507,68592500
2025-08-18,641.5214233398438,642.2195001872421,640.40452473057,641.0826373957427,43804900
2025-08-19,638.0410766601562,642.3291760201543,636.714736747966,641.341922870885,69750700
2025-08-20,636.3457641601562,637.89146660832,631.2000571048222,637.6322365737963,88890300
2025-08-21,633.7928466796875,636.2061389257788,632.057667095043,634.5208697964243,54805800
2025-08-22,643.52587890625,644.7125912923959,635.4881651988852,635.9967649167205,84083200
2025-08-25,640.6936645507812,643.505875096025,640.5740011970607,642.2593311060981,51274300
2025-08-26,643.3762817382812,643.7253506035642,639.7962411945653,640.4245042856638,51581600
2025-08-27,644.8422241210938,645.580168455503,642.6383123424215,642.7879219740594,48341100
2025-08-28,647.1258544921875,647.6843037743214,643.5557962693775,645.4505066457858,61519500
2025-08-29,643.2666015625,646.04892693251,641.361908969664,645.6798938838932,74522200
2025-09-02,638.4998168945312,638.7191794281234,633.1645719217177,635.7374558444352,81983500
2025-09-03,641.960205078125,642.4289372924937,638.6893051342267,640.8931560649971,70820900
2025-09-04,647.3253173828125,647.3552636551144,641.7308424389964,642.6382997027142,65219200
2025-09-05,645.4505004882812,650.4067910780432,641.551337641252,649.6787679935875,85178900
2025-09-08,647.0361328125,648.0433501046099,645.4405199703039,646.826691508285,63133100
2025-09-09,648.531982421875,649.0604854255209,645.4305347021028,647.1756962960839,66133900
2025-09-10,650.4067993164062,652.7402956265305,648.8311506393708,651.8128741836446,78034500
2025-09-11,655.8118286132812,656.5099054682547,651.7830200765693,652.3713547945198,69934400
2025-09-12,655.5924072265625,657.2877193463212,655.0838683704039,655.7818843611192,72780100
2025-09-15,659.0827026367188,659.2123480846643,657.5170969033588,657.8162552961535,63772400
2025-09-16,658.1752319335938,659.9503398052897,657.3874380375795,659.6411384615709,61169000
2025-09-17,657.3575439453125,659.8904996422112,652.4910309141978,658.1852662695255,101952200
2025-09-18,660.4290161132812,663.0517496492283,658.4445277353276,660.0600439458431,90459200
2025-09-19,663.7000122070312,664.5499877929688,660.3699951171875,662.3300170898438,97945600
2025-09-22,666.8400268554688,667.2899780273438,662.1699829101562,662.2000122070312,69452200
2025-09-23,663.2100219726562,667.3400268554688,661.97998046875,666.719970703125,81708900
2025-09-24,661.0999755859375,664.6099853515625,659.6699829101562,664.510009765625,68082200
2025-09-25,658.0499877929688,659.4099731445312,654.4099731445312,657.9400024414062,89622100
2025-09-26,661.8200073242188,662.3699951171875,657.8800048828125,659.510009765625,69179200
2025-09-29,663.6799926757812,665.280029296875,661.8599853515625,664.3599853515625,73499000
2025-09-30,666.1799926757812,666.6500244140625,661.6099853515625,662.9299926757812,86288000
2025-10-01,668.4500122070312,669.3699951171875,663.0599975585938,663.1699829101562,72545400
2025-10-02,669.219970703125,670.5700073242188,666.780029296875,670.4500122070312,56896000
2025-10-03,669.2100219726562,672.6799926757812,668.1599731445312,669.989990234375,70494400
2025-10-06,671.6099853515625,672.510009765625,669.4600219726562,671.6199951171875,54623300
2025-10-07,669.1199951171875,672.989990234375,667.6699829101562,672.5399780273438,72020100
2025-10-08,673.1099853515625,673.2100219726562,669.4199829101562,670.25,60702200
2025-10-09,671.1599731445312,673.9400024414062,669.2100219726562,673.530029296875,66501900
2025-10-10,653.02001953125,673.9500122070312,652.8400268554688,672.1300048828125,159422600
2025-10-13,663.0399780273438,665.1300048828125,659.77001953125,660.6500244140625,79560500
2025-10-14,662.22998046875,665.8300170898438,653.1699829101562,657.1699829101562,88779600
2025-10-15,665.1699829101562,670.22998046875,658.9299926757812,666.8200073242188,81702600
2025-10-16,660.6400146484375,668.7100219726562,657.1099853515625,666.8200073242188,110563300
2025-10-17,664.3900146484375,665.760009765625,658.1400146484375,659.5,96500900
2025-10-20,671.2999877929688,672.2100219726562,667.27001953125,667.3200073242188,60493400
2025-10-21,671.2899780273438,672.989990234375,669.97998046875,671.4400024414062,56249000
2025-10-22,667.7999877929688,672.0,663.2999877929688,672.0,80564000
2025-10-23,671.760009765625,672.7100219726562,667.7999877929688,668.1199951171875,65604500
2025-10-24,677.25,678.469970703125,675.6500244140625,676.4600219726562,74356500
2025-10-27,685.239990234375,685.5399780273438,682.1199951171875,682.72998046875,63339800
2025-10-28,687.0599975585938,688.9099731445312,684.8300170898438,687.0499877929688,61738100
2025-10-29,687.3900146484375,689.7000122070312,682.8699951171875,688.719970703125,85657100
2025-10-30,679.8300170898438,685.9400024414062,679.8300170898438,683.9000244140625,76335800
2025-10-31,682.0599975585938,685.0800170898438,679.239990234375,685.0399780273438,87164100
2025-11-03,683.3400268554688,685.7999877929688,679.9400024414062,685.6699829101562,57315000
2025-11-04,675.239990234375,679.9600219726562,674.5800170898438,676.1099853515625,78427000
2025-11-05,677.5800170898438,680.8599853515625,674.1699829101562,674.97998046875,74402400
2025-11-06,670.3099975585938,677.3800048828125,668.719970703125,676.469970703125,85035300
2025-11-07,670.969970703125,671.0800170898438,661.2100219726562,667.9099731445312,100592400
2025-11-10,681.4400024414062,682.1799926757812,675.030029296875,677.239990234375,75842900
2025-11-11,683.0,683.5700073242188,678.72998046875,679.9500122070312,58953400
2025-11-12,683.3800048828125,684.9600219726562,680.9500122070312,684.7899780273438,62312500
2025-11-13,672.0399780273438,680.8599853515625,670.52001953125,680.5,103457800
2025-11-14,671.9299926757812,675.6599731445312,663.27001953125,665.3800048828125,96846700
2025-11-17,665.6699829101562,673.7100219726562,662.1699829101562,669.7000122070312,90456100
2025-11-18,660.0800170898438,665.1199951171875,655.8599853515625,662.0999755859375,114467500
2025-11-19,662.6300048828125,667.3400268554688,658.75,660.780029296875,94703000
2025-11-20,652.530029296875,675.5599975585938,651.8900146484375,672.9099731445312,165293500
2025-11-21,659.030029296875,664.5499877929688,650.8499755859375,655.0499877929688,123872700
